citation_id,citing_arxiv_id,citing_primary_category,split
1606.08008::p7,1606.08008,cs.CV,train
1702.08634::p15,1702.08634,cs.CV,train
1304.3192::p34,1304.3192,cs.CV,test
1705.02680::p34,1705.02680,cs.CV,train
1704.05959::p60,1704.05959,cs.CV,train
1411.1442::p12,1411.1442,cs.CV,val
1704.06040::p16,1704.06040,cs.CV,test
1708.00786::p41,1708.00786,cs.CV,train
1705.08550::p25,1705.08550,cs.CV,train
1709.00753::p2,1709.00753,cs.CV,train
1706.01159::p0,1706.01159,cs.CV,train
1701.06944::p5,1701.06944,cs.CV,train
1407.3176::p10,1407.3176,cs.CV,train
1706.02715::p0,1706.02715,cs.CV,val
1705.01908::p2,1705.01908,cs.CV,test
1709.08203::p38,1709.08203,cs.CV,train
1101.5785::p100,1101.5785,cs.CV,train
1610.02055::p9,1610.02055,cs.CV,train
1611.06678::p42,1611.06678,cs.CV,train
1704.07490::p12,1704.07490,cs.CV,train
1608.09005::p0,1608.09005,cs.CV,train
1701.05703::p10,1701.05703,cs.CV,train
1704.06040::p9,1704.06040,cs.CV,test
1611.06962::p15,1611.06962,cs.CV,train
1603.02252::p29,1603.02252,cs.CV,test
1703.07195::p2,1703.07195,cs.CV,train
0810.5573::p53,0810.5573,cs.CV,train
1608.09005::p1,1608.09005,cs.CV,train
1407.3193::p2,1407.3193,cs.CV,train
1505.07930::p26,1505.07930,cs.CV,train
1506.06882::p49,1506.06882,cs.CV,test
1606.08008::p93,1606.08008,cs.CV,train
1101.5785::p174,1101.5785,cs.CV,train
1611.08258::p8,1611.08258,cs.CV,test
1010.0417::p51,1010.0417,cs.CV,train
1709.03199::p8,1709.03199,cs.CV,train
1708.00786::p35,1708.00786,cs.CV,train
1611.06301::p16,1611.06301,cs.CV,val
1504.03967::p14,1504.03967,cs.CV,val
1506.06448::p8,1506.06448,cs.CV,train
1605.02289::p16,1605.02289,cs.CV,test
1701.04769::p36,1701.04769,cs.CV,val
1607.05969::p1,1607.05969,cs.CV,test
1406.4112::p33,1406.4112,cs.CV,train
1607.06416::p6,1607.06416,cs.CV,test
1705.02680::p31,1705.02680,cs.CV,train
1403.3829::p36,1403.3829,cs.CV,train
1705.08302::p1,1705.08302,cs.CV,train
1309.7912::p22,1309.7912,cs.CV,train
1607.04593::p5,1607.04593,cs.CV,train
1601.06615::p43,1601.06615,cs.CV,val
1407.3176::p2,1407.3176,cs.CV,train
1605.02289::p7,1605.02289,cs.CV,test
1705.08302::p56,1705.08302,cs.CV,train
1407.3193::p6,1407.3193,cs.CV,train
1605.03428::p16,1605.03428,cs.CV,train
1703.00297::p13,1703.00297,cs.CV,train
1610.06669::p28,1610.06669,cs.CV,train
1412.7854::p6,1412.7854,cs.CV,val
1707.01408::p28,1707.01408,cs.CV,val
1706.07156::p5,1706.07156,cs.CV,train
1504.03967::p5,1504.03967,cs.CV,val
1409.3906::p15,1409.3906,cs.CV,train
1604.02115::p3,1604.02115,cs.CV,train
1410.3905::p37,1410.3905,cs.CV,test
1704.07709::p22,1704.07709,cs.CV,val
1710.08092::p1,1710.08092,cs.CV,train
1605.02289::p54,1605.02289,cs.CV,test
1602.03346::p16,1602.03346,cs.CV,val
1511.04902::p8,1511.04902,cs.CV,train
1705.05512::p8,1705.05512,cs.CV,train
1511.04902::p13,1511.04902,cs.CV,train
1101.5785::p76,1101.5785,cs.CV,train
1612.00814::p21,1612.00814,cs.CV,train
1603.06554::p8,1603.06554,cs.CV,train
1604.02115::p34,1604.02115,cs.CV,train
1705.02544::p5,1705.02544,cs.CV,train
1602.08127::p1,1602.08127,cs.CV,val
1706.05461::p6,1706.05461,cs.CV,train
1506.06448::p10,1506.06448,cs.CV,train
1702.02925::p22,1702.02925,cs.CV,val
1101.5785::p133,1101.5785,cs.CV,train
1706.07156::p6,1706.07156,cs.CV,train
1707.07890::p9,1707.07890,cs.CV,test
1707.06557::p56,1707.06557,cs.CV,train
1710.07558::p42,1710.07558,cs.CV,train
1607.04609::p6,1607.04609,cs.CV,train
1605.03428::p18,1605.03428,cs.CV,train
1707.02637::p1,1707.02637,cs.CV,test
1706.03686::p3,1706.03686,cs.CV,test
1304.5063::p4,1304.5063,cs.CV,train
1704.06040::p2,1704.06040,cs.CV,test
1704.05959::p11,1704.05959,cs.CV,train
1506.01125::p0,1506.01125,cs.CV,train
1702.04479::p30,1702.04479,cs.CV,test
1602.03346::p12,1602.03346,cs.CV,val
1605.06240::p27,1605.06240,cs.CV,test
1705.02544::p1,1705.02544,cs.CV,train
1708.07590::p75,1708.07590,cs.CV,train
1003.0487::p9,1003.0487,cs.CV,test
1703.07195::p59,1703.07195,cs.CV,train
1607.04942::p17,1607.04942,cs.CV,train
1612.00423::p40,1612.00423,cs.CV,train
1304.6759::p0,1304.6759,cs.CV,train
1702.04479::p4,1702.04479,cs.CV,test
1612.02166::p16,1612.02166,cs.CV,val
1708.07590::p9,1708.07590,cs.CV,train
1411.0126::p4,1411.0126,cs.CV,train
1705.06846::p88,1705.06846,cs.CV,train
1511.07041::p27,1511.07041,cs.CV,val
1312.7469::p13,1312.7469,cs.CV,train
1609.05561::p3,1609.05561,cs.CV,train
1708.09687::p37,1708.09687,cs.CV,train
1707.06557::p35,1707.06557,cs.CV,train
1706.07263::p3,1706.07263,cs.CV,test
1706.03686::p7,1706.03686,cs.CV,test
1608.06521::p0,1608.06521,cs.CV,train
1609.02135::p4,1609.02135,cs.CV,val
1607.04593::p38,1607.04593,cs.CV,train
1709.03199::p1,1709.03199,cs.CV,train
1611.02776::p3,1611.02776,cs.CV,val
1706.02715::p18,1706.02715,cs.CV,val
1411.1442::p4,1411.1442,cs.CV,val
1704.01429::p5,1704.01429,cs.CV,train
1706.07263::p1,1706.07263,cs.CV,test
1709.01134::p23,1709.01134,cs.CV,test
1409.0602::p5,1409.0602,cs.CV,train
1612.00423::p1,1612.00423,cs.CV,train
1504.04003::p2,1504.04003,cs.CV,val
1504.03967::p1,1504.03967,cs.CV,val
1607.06416::p11,1607.06416,cs.CV,test
1704.07056::p18,1704.07056,cs.CV,train
1607.02936::p1,1607.02936,cs.CV,train
1708.02766::p0,1708.02766,cs.CV,train
1610.06136::p0,1610.06136,cs.CV,test
1611.02776::p7,1611.02776,cs.CV,val
1609.03302::p3,1609.03302,cs.CV,train
1407.5976::p11,1407.5976,cs.CV,train
1709.02054::p0,1709.02054,cs.CV,train
1704.02422::p0,1704.02422,cs.CV,train
1612.02166::p10,1612.02166,cs.CV,val
1603.08631::p4,1603.08631,cs.CV,test
1704.00438::p9,1704.00438,cs.CV,train
1701.06944::p1,1701.06944,cs.CV,train
1609.07495::p9,1609.07495,cs.CV,test
1708.09687::p34,1708.09687,cs.CV,train
1408.5418::p37,1408.5418,cs.CV,train
1606.07830::p6,1606.07830,cs.CV,val
1609.01344::p3,1609.01344,cs.CV,val
1505.07930::p23,1505.07930,cs.CV,train
1607.04942::p0,1607.04942,cs.CV,train
1612.00991::p12,1612.00991,cs.CV,train
1610.02055::p17,1610.02055,cs.CV,train
1602.08127::p4,1602.08127,cs.CV,val
1709.00753::p16,1709.00753,cs.CV,train
1503.03270::p2,1503.03270,cs.CV,test
1607.04593::p9,1607.04593,cs.CV,train
1701.00723::p0,1701.00723,cs.CV,train
1603.02252::p5,1603.02252,cs.CV,test
1611.03313::p22,1611.03313,cs.CV,test
1710.00870::p8,1710.00870,cs.CV,val
1702.07025::p21,1702.07025,cs.CV,train
1706.05461::p44,1706.05461,cs.CV,train
1709.02967::p2,1709.02967,cs.CV,test
1702.04463::p6,1702.04463,cs.CV,val
1509.01354::p24,1509.01354,cs.CV,train
1702.00061::p19,1702.00061,cs.CV,train
1702.04069::p20,1702.04069,cs.CV,train
1603.06554::p30,1603.06554,cs.CV,train
1511.06627::p47,1511.06627,cs.CV,train
1603.02252::p27,1603.02252,cs.CV,test
1703.07195::p56,1703.07195,cs.CV,train
1410.3910::p25,1410.3910,cs.CV,train
1703.06492::p46,1703.06492,cs.CV,val
1511.06627::p42,1511.06627,cs.CV,train
1612.05332::p77,1612.05332,cs.CV,train
1611.06962::p11,1611.06962,cs.CV,train
1609.07495::p39,1609.07495,cs.CV,test
1509.01354::p41,1509.01354,cs.CV,train
1605.08464::p30,1605.08464,cs.CV,train
1609.02781::p0,1609.02781,cs.CV,train
1611.08983::p4,1611.08983,cs.CV,train
1705.00086::p1,1705.00086,cs.CV,train
1603.07957::p6,1603.07957,cs.CV,test
1506.06448::p0,1506.06448,cs.CV,train
1702.00871::p46,1702.00871,cs.CV,val
1612.04007::p0,1612.04007,cs.CV,val
1505.07930::p11,1505.07930,cs.CV,train
1601.03531::p21,1601.03531,cs.CV,test
1702.04479::p0,1702.04479,cs.CV,test
1603.07957::p42,1603.07957,cs.CV,test
1303.2465::p26,1303.2465,cs.CV,val
1701.06944::p17,1701.06944,cs.CV,train
1612.05362::p5,1612.05362,cs.CV,train
1704.03895::p7,1704.03895,cs.CV,train
1702.04463::p34,1702.04463,cs.CV,val
1601.05644::p81,1601.05644,cs.CV,val
1701.05703::p13,1701.05703,cs.CV,train
1704.01429::p21,1704.01429,cs.CV,train
1406.2639::p4,1406.2639,cs.CV,train
1407.5976::p6,1407.5976,cs.CV,train
1710.08014::p38,1710.08014,cs.CV,train
1703.06492::p39,1703.06492,cs.CV,val
1610.02055::p34,1610.02055,cs.CV,train
1406.2639::p11,1406.2639,cs.CV,train
1702.08634::p24,1702.08634,cs.CV,train
1010.0417::p6,1010.0417,cs.CV,train
1612.00814::p6,1612.00814,cs.CV,train
1705.05512::p36,1705.05512,cs.CV,train
1602.05312::p1,1602.05312,cs.CV,test
1604.03635::p0,1604.03635,cs.CV,train
1705.01908::p4,1705.01908,cs.CV,test
1702.08423::p23,1702.08423,cs.CV,val
1704.07023::p22,1704.07023,cs.CV,test
1606.01167::p9,1606.01167,cs.CV,train
1607.02936::p12,1607.02936,cs.CV,train
1601.06615::p28,1601.06615,cs.CV,val
1612.05362::p3,1612.05362,cs.CV,train
1706.03686::p11,1706.03686,cs.CV,test
1604.03635::p1,1604.03635,cs.CV,train
1709.01134::p0,1709.01134,cs.CV,test
1603.06554::p0,1603.06554,cs.CV,train
1606.07830::p15,1606.07830,cs.CV,val
1709.08203::p31,1709.08203,cs.CV,train
1412.7854::p4,1412.7854,cs.CV,val
1709.08924::p10,1709.08924,cs.CV,train
1312.7469::p3,1312.7469,cs.CV,train
1604.06979::p27,1604.06979,cs.CV,train
1704.03895::p12,1704.03895,cs.CV,train
1701.00723::p6,1701.00723,cs.CV,train
1605.06240::p6,1605.06240,cs.CV,test
1406.4112::p8,1406.4112,cs.CV,train
1312.6199::p0,1312.6199,cs.CV,train
1704.02422::p11,1704.02422,cs.CV,train
1511.06936::p5,1511.06936,cs.CV,train
1608.08471::p147,1608.08471,cs.CV,val
1710.05193::p1,1710.05193,cs.CV,test
1611.03313::p4,1611.03313,cs.CV,test
1507.05053::p4,1507.05053,cs.CV,train
1612.04007::p22,1612.04007,cs.CV,val
1410.3905::p17,1410.3905,cs.CV,test
1612.00991::p2,1612.00991,cs.CV,train
1611.08983::p62,1611.08983,cs.CV,train
1406.7062::p15,1406.7062,cs.CV,train
1602.03346::p30,1602.03346,cs.CV,val
1609.02214::p47,1609.02214,cs.CV,train
1410.3905::p1,1410.3905,cs.CV,test
1607.04593::p1,1607.04593,cs.CV,train
1703.08492::p13,1703.08492,cs.CV,val
1608.06521::p2,1608.06521,cs.CV,train
1612.05332::p68,1612.05332,cs.CV,train
1709.09902::p44,1709.09902,cs.CV,train
1708.09687::p27,1708.09687,cs.CV,train
1606.01167::p15,1606.01167,cs.CV,train
1701.05703::p14,1701.05703,cs.CV,train
1511.06936::p33,1511.06936,cs.CV,train
1303.6163::p42,1303.6163,cs.CV,train
1704.07709::p9,1704.07709,cs.CV,val
1702.04463::p89,1702.04463,cs.CV,val
1407.3179::p8,1407.3179,cs.CV,train
1609.05561::p1,1609.05561,cs.CV,train
1303.2465::p76,1303.2465,cs.CV,val
1407.5976::p1,1407.5976,cs.CV,train
1701.04769::p19,1701.04769,cs.CV,val
1707.08705::p0,1707.08705,cs.CV,train
1702.04463::p21,1702.04463,cs.CV,val
1605.05904::p23,1605.05904,cs.CV,train
1701.04769::p0,1701.04769,cs.CV,val
1408.5418::p0,1408.5418,cs.CV,train
1506.01125::p4,1506.01125,cs.CV,train
1407.0765::p0,1407.0765,cs.CV,train
1601.05644::p77,1601.05644,cs.CV,val
1612.04007::p16,1612.04007,cs.CV,val
1304.3192::p39,1304.3192,cs.CV,test
1707.00823::p46,1707.00823,cs.CV,train
1706.01159::p2,1706.01159,cs.CV,train
1708.00187::p1,1708.00187,cs.CV,test
1304.5063::p21,1304.5063,cs.CV,train
1505.07930::p3,1505.07930,cs.CV,train
1708.00961::p0,1708.00961,cs.CV,train
1607.04939::p29,1607.04939,cs.CV,test
1611.06678::p30,1611.06678,cs.CV,train
1611.02776::p13,1611.02776,cs.CV,val
1708.01894::p5,1708.01894,cs.CV,train
1501.00777::p40,1501.00777,cs.CV,test
1507.05053::p3,1507.05053,cs.CV,train
1506.06882::p0,1506.06882,cs.CV,test
1704.03895::p11,1704.03895,cs.CV,train
1702.08423::p34,1702.08423,cs.CV,val
1405.1402::p6,1405.1402,cs.CV,val
1406.2639::p8,1406.2639,cs.CV,train
1609.07495::p4,1609.07495,cs.CV,test
1407.0765::p1,1407.0765,cs.CV,train
1403.3829::p18,1403.3829,cs.CV,train
1610.06669::p14,1610.06669,cs.CV,train
1709.08924::p6,1709.08924,cs.CV,train
1610.06136::p22,1610.06136,cs.CV,test
1704.07056::p17,1704.07056,cs.CV,train
1511.06627::p40,1511.06627,cs.CV,train
1608.06521::p6,1608.06521,cs.CV,train
1709.02054::p43,1709.02054,cs.CV,train
1611.08983::p3,1611.08983,cs.CV,train
1509.01354::p20,1509.01354,cs.CV,train
1603.06554::p17,1603.06554,cs.CV,train
1505.03046::p43,1505.03046,cs.CV,train
1611.08258::p25,1611.08258,cs.CV,test
1602.05312::p18,1602.05312,cs.CV,test
1611.02200::p29,1611.02200,cs.CV,train
1703.06492::p0,1703.06492,cs.CV,val
1607.04939::p2,1607.04939,cs.CV,test
1612.05362::p29,1612.05362,cs.CV,train
1608.04517::p1,1608.04517,cs.CV,test
1702.03407::p2,1702.03407,cs.CV,test
1403.3829::p0,1403.3829,cs.CV,train
1609.01344::p2,1609.01344,cs.CV,val
1610.06669::p5,1610.06669,cs.CV,train
0810.5573::p16,0810.5573,cs.CV,train
1311.6934::p19,1311.6934,cs.CV,train
1611.03313::p12,1611.03313,cs.CV,test
1709.09902::p48,1709.09902,cs.CV,train
1511.06627::p3,1511.06627,cs.CV,train
1702.08423::p31,1702.08423,cs.CV,val
1604.03635::p5,1604.03635,cs.CV,train
1705.01908::p1,1705.01908,cs.CV,test
1705.02407::p12,1705.02407,cs.CV,val
1612.00991::p19,1612.00991,cs.CV,train
1709.03199::p5,1709.03199,cs.CV,train
1506.01125::p3,1506.01125,cs.CV,train
1706.02715::p3,1706.02715,cs.CV,val
1607.06416::p0,1607.06416,cs.CV,test
1609.01344::p5,1609.01344,cs.CV,val
1609.02781::p1,1609.02781,cs.CV,train
1708.07590::p16,1708.07590,cs.CV,train
1611.08258::p42,1611.08258,cs.CV,test
1610.06136::p1,1610.06136,cs.CV,test
1303.6163::p24,1303.6163,cs.CV,train
1702.03407::p20,1702.03407,cs.CV,test
1612.01072::p4,1612.01072,cs.CV,train
1704.00438::p10,1704.00438,cs.CV,train
1609.02214::p8,1609.02214,cs.CV,train
1704.00438::p8,1704.00438,cs.CV,train
1702.02925::p7,1702.02925,cs.CV,val
1505.01560::p3,1505.01560,cs.CV,val
1705.02544::p60,1705.02544,cs.CV,train
1609.05561::p7,1609.05561,cs.CV,train
1705.00086::p0,1705.00086,cs.CV,train
1710.07346::p36,1710.07346,cs.CV,train
1312.6199::p1,1312.6199,cs.CV,train
1607.04942::p1,1607.04942,cs.CV,train
1702.08423::p12,1702.08423,cs.CV,val
1709.01134::p7,1709.01134,cs.CV,test
1707.02637::p3,1707.02637,cs.CV,test
1706.06782::p1,1706.06782,cs.CV,val
1607.01979::p6,1607.01979,cs.CV,test
1609.03302::p1,1609.03302,cs.CV,train
1704.07709::p10,1704.07709,cs.CV,val
1612.01072::p15,1612.01072,cs.CV,train
1511.07041::p11,1511.07041,cs.CV,val
1702.02925::p20,1702.02925,cs.CV,val
1608.04517::p109,1608.04517,cs.CV,test
1709.00753::p25,1709.00753,cs.CV,train
1705.02407::p26,1705.02407,cs.CV,val
1503.03270::p3,1503.03270,cs.CV,test
1511.04902::p15,1511.04902,cs.CV,train
1707.05455::p4,1707.05455,cs.CV,test
1407.5976::p13,1407.5976,cs.CV,train
1607.04609::p7,1607.04609,cs.CV,train
1710.00870::p45,1710.00870,cs.CV,val
1611.06678::p29,1611.06678,cs.CV,train
1708.07335::p3,1708.07335,cs.CV,train
1612.00991::p1,1612.00991,cs.CV,train
1702.07025::p19,1702.07025,cs.CV,train
1707.02637::p44,1707.02637,cs.CV,test
1606.06681::p28,1606.06681,cs.CV,train
1704.07056::p65,1704.07056,cs.CV,train
1604.02115::p41,1604.02115,cs.CV,train
0804.1448::p21,0804.1448,cs.CV,val
1603.08631::p2,1603.08631,cs.CV,test
1704.07023::p20,1704.07023,cs.CV,test
1703.06492::p25,1703.06492,cs.CV,val
1604.05210::p9,1604.05210,cs.CV,test
1702.08434::p5,1702.08434,cs.CV,val
1607.02936::p18,1607.02936,cs.CV,train
1703.00297::p1,1703.00297,cs.CV,train
1702.04680::p36,1702.04680,cs.CV,train
1409.0602::p6,1409.0602,cs.CV,train
1702.08634::p60,1702.08634,cs.CV,train
1612.05332::p0,1612.05332,cs.CV,train
1402.2031::p30,1402.2031,cs.CV,train
1010.0422::p3,1010.0422,cs.CV,test
1707.01408::p6,1707.01408,cs.CV,val
1611.06301::p23,1611.06301,cs.CV,val
1710.09288::p4,1710.09288,cs.CV,train
1709.08962::p22,1709.08962,cs.CV,train
1704.07023::p0,1704.07023,cs.CV,test
1606.00474::p21,1606.00474,cs.CV,test
1311.6934::p14,1311.6934,cs.CV,train
1702.00871::p35,1702.00871,cs.CV,val
1606.07830::p14,1606.07830,cs.CV,val
1702.08634::p46,1702.08634,cs.CV,train
1709.02054::p45,1709.02054,cs.CV,train
1702.04069::p6,1702.04069,cs.CV,train
1709.00753::p1,1709.00753,cs.CV,train
1606.01167::p19,1606.01167,cs.CV,train
1708.00187::p4,1708.00187,cs.CV,test
1702.04680::p16,1702.04680,cs.CV,train
1411.1446::p2,1411.1446,cs.CV,train
1709.01134::p24,1709.01134,cs.CV,test
1405.1402::p1,1405.1402,cs.CV,val
1703.09436::p15,1703.09436,cs.CV,val
1612.02675::p0,1612.02675,cs.CV,train
1604.06979::p1,1604.06979,cs.CV,train
1309.7912::p12,1309.7912,cs.CV,train
1402.2031::p2,1402.2031,cs.CV,train
1611.03313::p14,1611.03313,cs.CV,test
1611.06301::p41,1611.06301,cs.CV,val
1709.03979::p43,1709.03979,cs.CV,train
1710.00870::p7,1710.00870,cs.CV,val
1706.07156::p1,1706.07156,cs.CV,train
1606.08008::p2,1606.08008,cs.CV,train
1605.02289::p53,1605.02289,cs.CV,test
1704.07023::p12,1704.07023,cs.CV,test
1602.08127::p12,1602.08127,cs.CV,val
1709.03979::p85,1709.03979,cs.CV,train
1704.07709::p29,1704.07709,cs.CV,val
1402.2031::p36,1402.2031,cs.CV,train
1706.08653::p13,1706.08653,cs.CV,val
1411.0126::p7,1411.0126,cs.CV,train
1604.06979::p25,1604.06979,cs.CV,train
1702.02925::p16,1702.02925,cs.CV,val
1702.07025::p0,1702.07025,cs.CV,train
1701.06944::p19,1701.06944,cs.CV,train
1505.03046::p2,1505.03046,cs.CV,train
1607.01979::p7,1607.01979,cs.CV,test
1609.02781::p6,1609.02781,cs.CV,train
1609.02214::p5,1609.02214,cs.CV,train
1707.00823::p13,1707.00823,cs.CV,train
1707.07890::p5,1707.07890,cs.CV,test
1704.05959::p15,1704.05959,cs.CV,train
1503.03270::p1,1503.03270,cs.CV,test
1705.01908::p7,1705.01908,cs.CV,test
1611.06962::p14,1611.06962,cs.CV,train
1707.02637::p67,1707.02637,cs.CV,test
1505.01560::p0,1505.01560,cs.CV,val
1607.04942::p14,1607.04942,cs.CV,train
1703.07195::p3,1703.07195,cs.CV,train
1601.05644::p28,1601.05644,cs.CV,val
1702.08434::p6,1702.08434,cs.CV,val
1303.2465::p51,1303.2465,cs.CV,val
1311.6932::p16,1311.6932,cs.CV,test
1703.08492::p39,1703.08492,cs.CV,val
1710.07346::p8,1710.07346,cs.CV,train
1707.08705::p26,1707.08705,cs.CV,train
1612.01072::p34,1612.01072,cs.CV,train
1311.6934::p25,1311.6934,cs.CV,train
1706.02715::p5,1706.02715,cs.CV,val
1706.08653::p12,1706.08653,cs.CV,val
1707.05455::p6,1707.05455,cs.CV,test
1706.05461::p18,1706.05461,cs.CV,train
1608.08471::p108,1608.08471,cs.CV,val
1609.03302::p2,1609.03302,cs.CV,train
1010.0417::p12,1010.0417,cs.CV,train
1601.06615::p24,1601.06615,cs.CV,val
1707.08705::p6,1707.08705,cs.CV,train
1504.04003::p1,1504.04003,cs.CV,val
1505.06236::p7,1505.06236,cs.CV,test
1406.4112::p32,1406.4112,cs.CV,train
1606.06681::p6,1606.06681,cs.CV,train
1607.05969::p10,1607.05969,cs.CV,test
1703.08492::p28,1703.08492,cs.CV,val
1707.00823::p20,1707.00823,cs.CV,train
1603.07957::p13,1603.07957,cs.CV,test
1707.08943::p26,1707.08943,cs.CV,train
1611.08134::p34,1611.08134,cs.CV,val
1604.05210::p51,1604.05210,cs.CV,test
1709.03979::p48,1709.03979,cs.CV,train
1612.00814::p0,1612.00814,cs.CV,train
1412.4183::p159,1412.4183,cs.CV,train
1612.00423::p7,1612.00423,cs.CV,train
1708.07335::p29,1708.07335,cs.CV,train
1612.05890::p30,1612.05890,cs.CV,train
1708.00187::p19,1708.00187,cs.CV,test
1704.03895::p47,1704.03895,cs.CV,train
1706.00556::p28,1706.00556,cs.CV,val
1707.07890::p3,1707.07890,cs.CV,test
1610.02055::p4,1610.02055,cs.CV,train
1703.00297::p11,1703.00297,cs.CV,train
1709.02967::p7,1709.02967,cs.CV,test
1506.06046::p0,1506.06046,cs.CV,val
1409.0602::p37,1409.0602,cs.CV,train
1710.08092::p27,1710.08092,cs.CV,train
1706.08653::p68,1706.08653,cs.CV,val
1607.01979::p4,1607.01979,cs.CV,test
1611.06678::p4,1611.06678,cs.CV,train
1706.07156::p3,1706.07156,cs.CV,train
1406.7062::p1,1406.7062,cs.CV,train
1701.00723::p3,1701.00723,cs.CV,train
1608.00501::p27,1608.00501,cs.CV,train
1708.09687::p47,1708.09687,cs.CV,train
1311.6934::p10,1311.6934,cs.CV,train
1606.08270::p49,1606.08270,cs.CL,train
1510.02049::p9,1510.02049,cs.CL,train
1706.03216::p19,1706.03216,cs.CL,train
1602.06797::p18,1602.06797,cs.CL,train
1608.07720::p54,1608.07720,cs.CL,val
1712.00170::p15,1712.00170,cs.CL,val
1701.04024::p7,1701.04024,cs.CL,train
1702.06235::p5,1702.06235,cs.CL,train
1704.02813::p25,1704.02813,cs.CL,val
1711.01048::p5,1711.01048,cs.CL,val
1407.1687::p11,1407.1687,cs.CL,test
1610.03342::p6,1610.03342,cs.CL,train
1407.3751::p4,1407.3751,cs.CL,val
1702.03964::p2,1702.03964,cs.CL,train
1508.00189::p2,1508.00189,cs.CL,train
1703.02860::p8,1703.02860,cs.CL,train
1606.09370::p39,1606.09370,cs.CL,test
1704.05781::p13,1704.05781,cs.CL,train
1509.04473::p0,1509.04473,cs.CL,train
1705.03454::p5,1705.03454,cs.CL,train
1609.08824::p41,1609.08824,cs.CL,train
1801.06407::p6,1801.06407,cs.CL,train
1606.08733::p26,1606.08733,cs.CL,train
1707.07212::p18,1707.07212,cs.CL,val
1708.03390::p1,1708.03390,cs.CL,train
1610.05361::p10,1610.05361,cs.CL,test
1711.09645::p65,1711.09645,cs.CL,train
1606.08733::p5,1606.08733,cs.CL,train
1611.00472::p19,1611.00472,cs.CL,train
1608.05374::p18,1608.05374,cs.CL,train
1307.4879::p9,1307.4879,cs.CL,train
1704.00924::p35,1704.00924,cs.CL,val
1710.07695::p67,1710.07695,cs.CL,val
1711.01048::p24,1711.01048,cs.CL,val
1604.01692::p16,1604.01692,cs.CL,train
1611.02988::p2,1611.02988,cs.CL,train
1710.05094::p19,1710.05094,cs.CL,train
1708.00726::p11,1708.00726,cs.CL,train
1702.03082::p15,1702.03082,cs.CL,val
1710.07695::p69,1710.07695,cs.CL,val
1709.08624::p11,1709.08624,cs.CL,test
1606.08270::p8,1606.08270,cs.CL,train
1606.01341::p34,1606.01341,cs.CL,train
1507.04019::p47,1507.04019,cs.CL,val
1702.08303::p9,1702.08303,cs.CL,val
1802.00385::p41,1802.00385,cs.CL,test
1609.09382::p0,1609.09382,cs.CL,train
1606.09403::p0,1606.09403,cs.CL,test
1703.05916::p6,1703.05916,cs.CL,train
1711.07265::p21,1711.07265,cs.CL,test
1511.01665::p26,1511.01665,cs.CL,train
1709.01950::p6,1709.01950,cs.CL,train
1801.03257::p53,1801.03257,cs.CL,train
1508.07909::p15,1508.07909,cs.CL,train
1707.07601::p23,1707.07601,cs.CL,test
1610.08815::p22,1610.08815,cs.CL,train
1708.09234::p19,1708.09234,cs.CL,test
1709.00659::p26,1709.00659,cs.CL,train
1705.03454::p4,1705.03454,cs.CL,train
1611.00472::p36,1611.00472,cs.CL,train
1611.08813::p20,1611.08813,cs.CL,train
1608.07720::p25,1608.07720,cs.CL,val
1705.03995::p1,1705.03995,cs.CL,val
1706.04971::p3,1706.04971,cs.CL,train
1711.02918::p19,1711.02918,cs.CL,val
1711.06141::p3,1711.06141,cs.CL,train
1509.04473::p33,1509.04473,cs.CL,train
1203.5084::p15,1203.5084,cs.CL,train
1708.03390::p29,1708.03390,cs.CL,train
1606.08270::p0,1606.08270,cs.CL,train
1602.06797::p0,1602.06797,cs.CL,train
1603.01595::p34,1603.01595,cs.CL,val
1705.02925::p2,1705.02925,cs.CL,test
1609.09382::p55,1609.09382,cs.CL,train
1711.01100::p227,1711.01100,cs.CL,train
1703.02859::p15,1703.02859,cs.CL,val
1606.02514::p7,1606.02514,cs.CL,train
1708.09217::p43,1708.09217,cs.CL,train
1708.02099::p50,1708.02099,cs.CL,train
1407.3751::p9,1407.3751,cs.CL,val
1706.03499::p7,1706.03499,cs.CL,train
1707.03819::p4,1707.03819,cs.CL,test
1709.04219::p30,1709.04219,cs.CL,train
1705.03995::p38,1705.03995,cs.CL,val
1707.07212::p6,1707.07212,cs.CL,val
1203.5051::p105,1203.5051,cs.CL,val
1710.06481::p15,1710.06481,cs.CL,test
1711.06141::p16,1711.06141,cs.CL,train
1703.04001::p3,1703.04001,cs.CL,test
1710.01779::p13,1710.01779,cs.CL,train
1606.09370::p10,1606.09370,cs.CL,test
1604.08781::p14,1604.08781,cs.CL,train
1510.04780::p0,1510.04780,cs.CL,val
1608.03803::p7,1608.03803,cs.CL,train
1709.00659::p0,1709.00659,cs.CL,train
1611.01101::p20,1611.01101,cs.CL,test
1510.02049::p8,1510.02049,cs.CL,train
1610.02806::p4,1610.02806,cs.CL,train
1706.03216::p21,1706.03216,cs.CL,train
1610.04416::p14,1610.04416,cs.CL,test
1711.08195::p38,1711.08195,cs.CL,test
1702.06235::p6,1702.06235,cs.CL,train
1710.05094::p20,1710.05094,cs.CL,train
1301.7738::p10,1301.7738,cs.CL,test
1611.02988::p11,1611.02988,cs.CL,train
1607.04853::p21,1607.04853,cs.CL,train
1709.00659::p52,1709.00659,cs.CL,train
1706.03499::p1,1706.03499,cs.CL,train
1702.02736::p29,1702.02736,cs.CL,train
1711.07915::p76,1711.07915,cs.CL,test
1506.01914::p12,1506.01914,cs.CL,train
1701.01574::p1,1701.01574,cs.CL,train
1704.00405::p0,1704.00405,cs.CL,train
1509.04473::p3,1509.04473,cs.CL,train
1602.06797::p22,1602.06797,cs.CL,train
1704.00405::p41,1704.00405,cs.CL,train
1711.00529::p0,1711.00529,cs.CL,train
1707.01075::p48,1707.01075,cs.CL,train
1510.02049::p15,1510.02049,cs.CL,train
1606.01541::p29,1606.01541,cs.CL,train
1708.09234::p22,1708.09234,cs.CL,test
1705.03389::p1,1705.03389,cs.CL,train
1707.06799::p21,1707.06799,cs.CL,train
1508.07909::p33,1508.07909,cs.CL,train
1709.08624::p10,1709.08624,cs.CL,test
1702.05821::p1,1702.05821,cs.CL,test
1709.09443::p20,1709.09443,cs.CL,train
1708.00415::p29,1708.00415,cs.CL,train
1611.00354::p29,1611.00354,cs.CL,train
1310.6772::p18,1310.6772,cs.CL,train
1708.09234::p24,1708.09234,cs.CL,test
1310.6772::p20,1310.6772,cs.CL,train
1303.0446::p4,1303.0446,cs.CL,test
1711.08195::p10,1711.08195,cs.CL,test
1709.08624::p42,1709.08624,cs.CL,test
1203.5084::p30,1203.5084,cs.CL,train
1203.5076::p31,1203.5076,cs.CL,train
1610.07844::p34,1610.07844,cs.CL,train
1608.03803::p21,1608.03803,cs.CL,train
1801.03257::p54,1801.03257,cs.CL,train
1711.01048::p22,1711.01048,cs.CL,val
1309.6176::p25,1309.6176,cs.CL,train
1711.01048::p28,1711.01048,cs.CL,val
1710.01779::p41,1710.01779,cs.CL,train
1203.5062::p16,1203.5062,cs.CL,train
1508.00189::p1,1508.00189,cs.CL,train
1707.01355::p10,1707.01355,cs.CL,val
1610.08815::p15,1610.08815,cs.CL,train
1802.00385::p65,1802.00385,cs.CL,test
1611.09238::p17,1611.09238,cs.CL,train
1605.06770::p7,1605.06770,cs.CL,train
1705.03995::p50,1705.03995,cs.CL,val
1511.01665::p9,1511.01665,cs.CL,train
1401.0509::p33,1401.0509,cs.CL,val
1606.01541::p8,1606.01541,cs.CL,train
1203.5060::p0,1203.5060,cs.CL,train
1409.1612::p9,1409.1612,cs.CL,train
1703.02859::p16,1703.02859,cs.CL,val
1604.08781::p12,1604.08781,cs.CL,train
1611.09235::p0,1611.09235,cs.CL,test
1702.03964::p15,1702.03964,cs.CL,train
1703.04879::p1,1703.04879,cs.CL,test
1304.7157::p14,1304.7157,cs.CL,train
1707.07212::p13,1707.07212,cs.CL,val
1711.00529::p23,1711.00529,cs.CL,train
1707.07499::p3,1707.07499,cs.CL,val
1611.02007::p4,1611.02007,cs.CL,val
1607.04853::p46,1607.04853,cs.CL,train
1508.07909::p0,1508.07909,cs.CL,train
1304.7289::p63,1304.7289,cs.CL,val
1703.02507::p20,1703.02507,cs.CL,train
1707.03903::p1,1707.03903,cs.CL,test
1206.5333::p1,1206.5333,cs.CL,train
1610.07809::p4,1610.07809,cs.CL,train
1602.07019::p27,1602.07019,cs.CL,val
1606.01603::p34,1606.01603,cs.CL,val
1203.5060::p4,1203.5060,cs.CL,train
1702.03082::p24,1702.03082,cs.CL,val
1703.05916::p14,1703.05916,cs.CL,train
1609.04621::p5,1609.04621,cs.CL,train
1708.00726::p10,1708.00726,cs.CL,train
1708.09702::p39,1708.09702,cs.CL,train
1703.04879::p6,1703.04879,cs.CL,test
1710.04600::p6,1710.04600,cs.CL,train
1801.06407::p7,1801.06407,cs.CL,train
1702.03964::p21,1702.03964,cs.CL,train
1203.5062::p5,1203.5062,cs.CL,train
1709.00659::p30,1709.00659,cs.CL,train
1401.0509::p6,1401.0509,cs.CL,val
1604.08781::p38,1604.08781,cs.CL,train
1712.00170::p0,1712.00170,cs.CL,val
1603.06677::p93,1603.06677,cs.CL,test
1610.02806::p5,1610.02806,cs.CL,train
1203.5066::p18,1203.5066,cs.CL,test
1702.02736::p17,1702.02736,cs.CL,train
1708.09702::p18,1708.09702,cs.CL,train
1702.06235::p4,1702.06235,cs.CL,train
1709.09443::p3,1709.09443,cs.CL,train
1508.06491::p22,1508.06491,cs.CL,test
1605.03924::p38,1605.03924,cs.CL,train
1610.03342::p2,1610.03342,cs.CL,train
1707.01355::p0,1707.01355,cs.CL,val
1611.09235::p36,1611.09235,cs.CL,test
1611.00354::p12,1611.00354,cs.CL,train
1706.08032::p2,1706.08032,cs.CL,train
1609.00070::p28,1609.00070,cs.CL,train
1508.06491::p34,1508.06491,cs.CL,test
1702.08303::p2,1702.08303,cs.CL,val
1303.0446::p54,1303.0446,cs.CL,test
1603.02514::p25,1603.02514,cs.CL,train
1610.01291::p42,1610.01291,cs.CL,test
1203.5076::p74,1203.5076,cs.CL,train
1608.07720::p8,1608.07720,cs.CL,val
1610.06272::p4,1610.06272,cs.CL,train
1612.05420::p5,1612.05420,cs.CL,test
1609.08824::p8,1609.08824,cs.CL,train
1603.06677::p77,1603.06677,cs.CL,test
1711.05186::p9,1711.05186,cs.CL,val
1712.08349::p16,1712.08349,cs.CL,train
1610.08815::p6,1610.08815,cs.CL,train
1605.06770::p25,1605.06770,cs.CL,train
1708.03390::p11,1708.03390,cs.CL,train
1702.06594::p58,1702.06594,cs.CL,test
1702.06594::p41,1702.06594,cs.CL,test
1401.2517::p38,1401.2517,cs.CL,test
1704.02813::p0,1704.02813,cs.CL,val
1304.7289::p41,1304.7289,cs.CL,val
1203.5073::p29,1203.5073,cs.CL,train
1704.00380::p4,1704.00380,cs.CL,train
1212.1192::p3,1212.1192,cs.CL,train
1709.09443::p2,1709.09443,cs.CL,train
1506.01914::p6,1506.01914,cs.CL,train
1703.04879::p12,1703.04879,cs.CL,test
1711.02918::p25,1711.02918,cs.CL,val
1412.0751::p4,1412.0751,cs.CL,train
1708.09702::p17,1708.09702,cs.CL,train
1611.08813::p48,1611.08813,cs.CL,train
1708.06828::p0,1708.06828,cs.CL,test
1609.09004::p0,1609.09004,cs.CL,val
1407.1687::p49,1407.1687,cs.CL,test
1304.7942::p0,1304.7942,cs.CL,test
1706.03216::p4,1706.03216,cs.CL,train
1706.08198::p44,1706.08198,cs.CL,train
1611.00354::p31,1611.00354,cs.CL,train
1610.03342::p5,1610.03342,cs.CL,train
1709.08011::p54,1709.08011,cs.CL,test
1709.09443::p22,1709.09443,cs.CL,train
1707.09920::p4,1707.09920,cs.CL,test
1603.02514::p14,1603.02514,cs.CL,train
1606.09403::p34,1606.09403,cs.CL,test
1711.09645::p2,1711.09645,cs.CL,train
1710.06481::p45,1710.06481,cs.CL,test
1307.4879::p55,1307.4879,cs.CL,train
1509.05517::p21,1509.05517,cs.CL,train
1702.03082::p10,1702.03082,cs.CL,val
1605.05172::p28,1605.05172,cs.CL,test
1704.02813::p27,1704.02813,cs.CL,val
1701.08118::p7,1701.08118,cs.CL,train
1707.09920::p24,1707.09920,cs.CL,test
1606.08270::p11,1606.08270,cs.CL,train
1203.5062::p6,1203.5062,cs.CL,train
1707.03819::p7,1707.03819,cs.CL,test
1605.03284::p16,1605.03284,cs.CL,train
1203.5073::p25,1203.5073,cs.CL,train
1309.6176::p27,1309.6176,cs.CL,train
1409.1612::p33,1409.1612,cs.CL,train
1711.01100::p308,1711.01100,cs.CL,train
1706.08032::p14,1706.08032,cs.CL,train
1510.04780::p48,1510.04780,cs.CL,val
1606.01541::p9,1606.01541,cs.CL,train
1711.05186::p1,1711.05186,cs.CL,val
1603.07012::p6,1603.07012,cs.CL,train
1611.08813::p4,1611.08813,cs.CL,train
1206.5333::p36,1206.5333,cs.CL,train
1611.02007::p23,1611.02007,cs.CL,val
1603.06677::p45,1603.06677,cs.CL,test
1711.05186::p8,1711.05186,cs.CL,val
1203.5084::p16,1203.5084,cs.CL,train
1705.03389::p12,1705.03389,cs.CL,train
1604.01692::p11,1604.01692,cs.CL,train
1612.00969::p52,1612.00969,cs.CL,test
1611.08813::p9,1611.08813,cs.CL,train
1802.00385::p49,1802.00385,cs.CL,test
1401.0509::p40,1401.0509,cs.CL,val
1705.03454::p11,1705.03454,cs.CL,train
1704.00380::p16,1704.00380,cs.CL,train
1712.08207::p45,1712.08207,cs.CL,train
1604.06285::p4,1604.06285,cs.CL,train
1707.07601::p24,1707.07601,cs.CL,test
1602.07019::p26,1602.07019,cs.CL,val
1608.06134::p8,1608.06134,cs.CL,val
1701.02877::p32,1701.02877,cs.CL,train
1705.03454::p0,1705.03454,cs.CL,train
1708.02099::p1,1708.02099,cs.CL,train
1304.7157::p33,1304.7157,cs.CL,train
1412.6334::p0,1412.6334,cs.CL,train
1610.06053::p1,1610.06053,cs.CL,train
1708.09234::p2,1708.09234,cs.CL,test
1609.09028::p16,1609.09028,cs.CL,train
1203.5076::p24,1203.5076,cs.CL,train
1703.02860::p0,1703.02860,cs.CL,train
1609.07053::p18,1609.07053,cs.CL,train
1602.06797::p23,1602.06797,cs.CL,train
1707.03903::p0,1707.03903,cs.CL,test
1601.02539::p23,1601.02539,cs.CL,train
1703.05916::p0,1703.05916,cs.CL,train
1711.07915::p17,1711.07915,cs.CL,test
1802.05014::p23,1802.05014,cs.CL,train
1602.00293::p17,1602.00293,cs.CL,test
1703.05916::p8,1703.05916,cs.CL,train
1801.09536::p62,1801.09536,cs.CL,test
1507.04019::p49,1507.04019,cs.CL,val
1802.05014::p7,1802.05014,cs.CL,train
1508.00189::p5,1508.00189,cs.CL,train
1711.07265::p4,1711.07265,cs.CL,test
1704.00380::p6,1704.00380,cs.CL,train
1610.04416::p0,1610.04416,cs.CL,test
1602.00293::p1,1602.00293,cs.CL,test
1707.03903::p5,1707.03903,cs.CL,test
1608.07720::p53,1608.07720,cs.CL,val
1606.08733::p10,1606.08733,cs.CL,train
1606.01603::p30,1606.01603,cs.CL,val
1604.01692::p82,1604.01692,cs.CL,train
1212.1192::p42,1212.1192,cs.CL,train
1605.04655::p34,1605.04655,cs.CL,train
1203.5055::p15,1203.5055,cs.CL,val
1707.07499::p5,1707.07499,cs.CL,val
1604.06285::p1,1604.06285,cs.CL,train
1506.01914::p0,1506.01914,cs.CL,train
1609.04186::p14,1609.04186,cs.CL,train
1703.02859::p17,1703.02859,cs.CL,val
1612.05420::p38,1612.05420,cs.CL,test
1310.6772::p3,1310.6772,cs.CL,train
1608.08940::p57,1608.08940,cs.CL,val
1307.4879::p16,1307.4879,cs.CL,train
1511.06312::p21,1511.06312,cs.CL,val
1707.09920::p20,1707.09920,cs.CL,test
1612.05420::p22,1612.05420,cs.CL,test
1601.02539::p8,1601.02539,cs.CL,train
1706.04971::p22,1706.04971,cs.CL,train
1611.09235::p8,1611.09235,cs.CL,test
1703.04001::p2,1703.04001,cs.CL,test
1708.09217::p2,1708.09217,cs.CL,train
1609.09405::p0,1609.09405,cs.CL,val
1708.02099::p54,1708.02099,cs.CL,train
1706.08198::p42,1706.08198,cs.CL,train
1606.09371::p15,1606.09371,cs.CL,train
1610.05361::p15,1610.05361,cs.CL,test
1702.03964::p26,1702.03964,cs.CL,train
1709.08299::p15,1709.08299,cs.CL,train
1710.04600::p8,1710.04600,cs.CL,train
1701.06547::p8,1701.06547,cs.CL,val
1606.09403::p7,1606.09403,cs.CL,test
1612.00969::p11,1612.00969,cs.CL,test
1605.06770::p23,1605.06770,cs.CL,train
1603.01595::p40,1603.01595,cs.CL,val
1609.09028::p10,1609.09028,cs.CL,train
1304.7157::p35,1304.7157,cs.CL,train
1412.6334::p2,1412.6334,cs.CL,train
1701.08118::p3,1701.08118,cs.CL,train
1608.01413::p28,1608.01413,cs.CL,val
1711.01100::p129,1711.01100,cs.CL,train
1707.07631::p3,1707.07631,cs.CL,train
1704.02813::p12,1704.02813,cs.CL,val
1610.04416::p11,1610.04416,cs.CL,test
1703.02860::p3,1703.02860,cs.CL,train
1609.04186::p31,1609.04186,cs.CL,train
1310.6772::p4,1310.6772,cs.CL,train
1711.01100::p314,1711.01100,cs.CL,train
1611.02007::p15,1611.02007,cs.CL,val
1610.01291::p14,1610.01291,cs.CL,test
1407.1687::p25,1407.1687,cs.CL,test
1709.01950::p0,1709.01950,cs.CL,train
1709.08011::p30,1709.08011,cs.CL,test
1412.3336::p86,1412.3336,cs.CL,val
1701.08118::p9,1701.08118,cs.CL,train
1710.07695::p62,1710.07695,cs.CL,val
1606.09370::p29,1606.09370,cs.CL,test
1606.09371::p10,1606.09371,cs.CL,train
1711.05186::p3,1711.05186,cs.CL,val
1609.09004::p3,1609.09004,cs.CL,val
1704.00405::p17,1704.00405,cs.CL,train
1605.03924::p54,1605.03924,cs.CL,train
1203.5055::p14,1203.5055,cs.CL,val
1709.08299::p7,1709.08299,cs.CL,train
1601.02539::p1,1601.02539,cs.CL,train
1706.08032::p1,1706.08032,cs.CL,train
1611.00472::p27,1611.00472,cs.CL,train
1707.07212::p40,1707.07212,cs.CL,val
1707.09168::p7,1707.09168,cs.CL,train
1708.06828::p6,1708.06828,cs.CL,test
1709.08299::p14,1709.08299,cs.CL,train
1707.01075::p12,1707.01075,cs.CL,train
1606.09371::p40,1606.09371,cs.CL,train
1711.00529::p10,1711.00529,cs.CL,train
1704.00924::p10,1704.00924,cs.CL,val
1707.01066::p3,1707.01066,cs.CL,val
1605.06319::p0,1605.06319,cs.CL,train
1606.01341::p44,1606.01341,cs.CL,train
1707.01066::p4,1707.01066,cs.CL,val
1710.05094::p21,1710.05094,cs.CL,train
1609.04621::p4,1609.04621,cs.CL,train
1711.09645::p41,1711.09645,cs.CL,train
1609.09405::p9,1609.09405,cs.CL,val
1702.01517::p13,1702.01517,cs.CL,train
1611.01101::p18,1611.01101,cs.CL,test
1611.02007::p3,1611.02007,cs.CL,val
1711.02918::p43,1711.02918,cs.CL,val
1703.04001::p6,1703.04001,cs.CL,test
1603.07012::p7,1603.07012,cs.CL,train
1110.3094::p9,1110.3094,cs.CL,val
1708.00415::p0,1708.00415,cs.CL,train
1610.01546::p6,1610.01546,cs.CL,train
1705.03389::p23,1705.03389,cs.CL,train
1605.06770::p16,1605.06770,cs.CL,train
1707.01066::p12,1707.01066,cs.CL,val
1705.03389::p25,1705.03389,cs.CL,train
1708.09702::p8,1708.09702,cs.CL,train
1603.06677::p86,1603.06677,cs.CL,test
1304.7289::p3,1304.7289,cs.CL,val
1407.3751::p11,1407.3751,cs.CL,val
1704.00405::p2,1704.00405,cs.CL,train
1707.01355::p1,1707.01355,cs.CL,val
1611.02988::p26,1611.02988,cs.CL,train
1508.06491::p1,1508.06491,cs.CL,test
1606.09371::p38,1606.09371,cs.CL,train
1412.0751::p19,1412.0751,cs.CL,train
1711.07265::p6,1711.07265,cs.CL,test
1609.04417::p56,1609.04417,cs.CL,train
1602.00293::p0,1602.00293,cs.CL,test
1609.09028::p2,1609.09028,cs.CL,train
1609.08824::p2,1609.08824,cs.CL,train
1707.01075::p56,1707.01075,cs.CL,train
1712.08207::p25,1712.08207,cs.CL,train
1603.06127::p15,1603.06127,cs.CL,train
1703.02507::p12,1703.02507,cs.CL,train
1610.01546::p2,1610.01546,cs.CL,train
1604.01692::p31,1604.01692,cs.CL,train
1703.02860::p4,1703.02860,cs.CL,train
1708.02099::p0,1708.02099,cs.CL,train
1412.3336::p228,1412.3336,cs.CL,val
1802.00385::p9,1802.00385,cs.CL,test
1701.04024::p1,1701.04024,cs.CL,train
1407.1640::p1,1407.1640,cs.CL,val
1709.04219::p19,1709.04219,cs.CL,train
1401.2517::p6,1401.2517,cs.CL,test
1707.01066::p58,1707.01066,cs.CL,val
1511.01665::p4,1511.01665,cs.CL,train
1309.6176::p6,1309.6176,cs.CL,train
1608.01413::p55,1608.01413,cs.CL,val
1710.01779::p38,1710.01779,cs.CL,train
1203.5066::p35,1203.5066,cs.CL,test
1610.07809::p15,1610.07809,cs.CL,train
1605.03284::p10,1605.03284,cs.CL,train
1412.6334::p3,1412.6334,cs.CL,train
1703.02859::p0,1703.02859,cs.CL,val
1602.00293::p9,1602.00293,cs.CL,test
1705.05414::p10,1705.05414,cs.CL,train
1711.00529::p4,1711.00529,cs.CL,train
1612.00969::p25,1612.00969,cs.CL,test
1203.5051::p19,1203.5051,cs.CL,val
1407.1687::p15,1407.1687,cs.CL,test
1609.09405::p4,1609.09405,cs.CL,val
1702.08303::p5,1702.08303,cs.CL,val
1707.07631::p0,1707.07631,cs.CL,train
1609.04186::p0,1609.04186,cs.CL,train
1709.08011::p57,1709.08011,cs.CL,test
1407.3751::p8,1407.3751,cs.CL,val
1709.01950::p53,1709.01950,cs.CL,train
1603.01595::p0,1603.01595,cs.CL,val
1509.04473::p32,1509.04473,cs.CL,train
1710.06481::p62,1710.06481,cs.CL,test
1709.01950::p35,1709.01950,cs.CL,train
1609.04186::p2,1609.04186,cs.CL,train
1612.00969::p32,1612.00969,cs.CL,test
1610.01291::p8,1610.01291,cs.CL,test
1704.00924::p0,1704.00924,cs.CL,val
1611.09235::p37,1611.09235,cs.CL,test
1710.01779::p14,1710.01779,cs.CL,train
1610.03342::p48,1610.03342,cs.CL,train
1508.06491::p9,1508.06491,cs.CL,test
1212.1192::p30,1212.1192,cs.CL,train
1608.03803::p14,1608.03803,cs.CL,train
1609.07053::p6,1609.07053,cs.CL,train
1610.06053::p0,1610.06053,cs.CL,train
1707.06799::p0,1707.06799,cs.CL,train
1701.08118::p22,1701.08118,cs.CL,train
1110.3094::p3,1110.3094,cs.CL,val
1706.08198::p43,1706.08198,cs.CL,train
1610.02806::p9,1610.02806,cs.CL,train
1710.06481::p25,1710.06481,cs.CL,test
1607.04853::p2,1607.04853,cs.CL,train
1704.05781::p12,1704.05781,cs.CL,train
1407.1640::p5,1407.1640,cs.CL,val
1605.04655::p30,1605.04655,cs.CL,train
1602.07019::p0,1602.07019,cs.CL,val
1605.03284::p14,1605.03284,cs.CL,train
1307.4879::p10,1307.4879,cs.CL,train
1609.04417::p52,1609.04417,cs.CL,train
1203.5062::p20,1203.5062,cs.CL,train
2011.05302::p8,2011.05302,cs.LG,train
2011.06803::p44,2011.06803,cs.LG,train
2011.05286::p1,2011.05286,cs.LG,val
0901.2376::p25,0901.2376,cs.LG,val
1712.08164::p20,1712.08164,cs.LG,test
1605.08478::p2,1605.08478,cs.LG,val
1710.11424::p18,1710.11424,cs.LG,train
0901.2376::p37,0901.2376,cs.LG,val
2011.07057::p4,2011.07057,cs.LG,train
1907.09173::p4,1907.09173,cs.LG,test
1907.05597::p13,1907.05597,cs.LG,train
1303.2643::p70,1303.2643,cs.LG,train
2010.06178::p4,2010.06178,cs.LG,train
2011.00517::p10,2011.00517,cs.LG,val
1709.05433::p3,1709.05433,cs.LG,train
1803.00781::p5,1803.00781,cs.LG,train
2010.10341::p33,2010.10341,cs.LG,train
1712.09783::p7,1712.09783,cs.LG,train
1702.01691::p48,1702.01691,cs.LG,train
1610.04161::p51,1610.04161,cs.LG,val
2010.04062::p10,2010.04062,cs.LG,val
1303.2643::p84,1303.2643,cs.LG,train
1611.04049::p107,1611.04049,cs.LG,test
2011.05602::p8,2011.05602,cs.LG,train
1704.02399::p45,1704.02399,cs.LG,train
2010.14543::p7,2010.14543,cs.LG,val
1409.7165::p82,1409.7165,cs.LG,train
1609.07540::p28,1609.07540,cs.LG,test
1706.04933::p129,1706.04933,cs.LG,train
2011.05664::p1,2011.05664,cs.LG,train
2008.12258::p12,2008.12258,cs.LG,train
2007.08012::p4,2007.08012,cs.LG,train
1707.00300::p29,1707.00300,cs.LG,test
1512.08756::p0,1512.08756,cs.LG,test
1509.07234::p2,1509.07234,cs.LG,val
2011.06704::p1,2011.06704,cs.LG,train
1910.09638::p2,1910.09638,cs.LG,test
2002.11882::p61,2002.11882,cs.LG,val
1704.07978::p0,1704.07978,cs.LG,train
1609.07540::p60,1609.07540,cs.LG,test
2011.02955::p19,2011.02955,cs.LG,test
2009.02186::p50,2009.02186,cs.LG,train
1606.04671::p12,1606.04671,cs.LG,train
1601.02377::p6,1601.02377,cs.LG,test
2011.05596::p33,2011.05596,cs.LG,val
1911.07460::p1,1911.07460,cs.LG,val
2002.11883::p3,2002.11883,cs.LG,train
1611.00144::p70,1611.00144,cs.LG,train
1705.07962::p11,1705.07962,cs.LG,val
1409.7165::p28,1409.7165,cs.LG,train
2011.06169::p10,2011.06169,cs.LG,val
1703.09197::p9,1703.09197,cs.LG,train
2004.04479::p1,2004.04479,cs.LG,train
1609.04994::p40,1609.04994,cs.LG,train
2002.11882::p0,2002.11882,cs.LG,val
1303.2643::p69,1303.2643,cs.LG,train
1904.07802::p10,1904.07802,cs.LG,train
2010.09892::p10,2010.09892,cs.LG,test
2010.05223::p36,2010.05223,cs.LG,val
1910.00445::p15,1910.00445,cs.LG,train
1707.01166::p54,1707.01166,cs.LG,train
2011.05664::p39,2011.05664,cs.LG,train
2011.06182::p6,2011.06182,cs.LG,train
1402.6013::p1,1402.6013,cs.LG,train
1710.11424::p45,1710.11424,cs.LG,train
1605.01569::p86,1605.01569,cs.LG,train
2010.06709::p144,2010.06709,cs.LG,test
2011.05384::p7,2011.05384,cs.LG,train
2011.05970::p1,2011.05970,cs.LG,train
1704.03298::p438,1704.03298,cs.LG,val
1609.05473::p0,1609.05473,cs.LG,test
2010.05223::p4,2010.05223,cs.LG,val
1511.05077::p9,1511.05077,cs.LG,train
0901.2376::p30,0901.2376,cs.LG,val
2011.05525::p0,2011.05525,cs.LG,val
1410.8620::p18,1410.8620,cs.LG,train
2011.02955::p2,2011.02955,cs.LG,test
1703.01203::p9,1703.01203,cs.LG,train
1912.12623::p31,1912.12623,cs.LG,train
1502.05472::p21,1502.05472,cs.LG,train
1910.02312::p4,1910.02312,cs.LG,train
0812.4044::p28,0812.4044,cs.LG,train
2010.04012::p46,2010.04012,cs.LG,train
2010.09163::p33,2010.09163,cs.LG,train
1910.00445::p7,1910.00445,cs.LG,train
2011.05961::p4,2011.05961,cs.LG,train
1910.02312::p1,1910.02312,cs.LG,train
1606.04671::p14,1606.04671,cs.LG,train
2010.15377::p29,2010.15377,cs.LG,train
1601.02377::p35,1601.02377,cs.LG,test
1611.00144::p5,1611.00144,cs.LG,train
1408.2327::p48,1408.2327,cs.LG,val
1709.05433::p0,1709.05433,cs.LG,train
1802.10353::p2,1802.10353,cs.LG,val
1311.6556::p12,1311.6556,cs.LG,test
1911.10097::p14,1911.10097,cs.LG,train
1710.03368::p21,1710.03368,cs.LG,train
1710.03368::p19,1710.03368,cs.LG,train
2011.05970::p5,2011.05970,cs.LG,train
2011.05602::p10,2011.05602,cs.LG,train
1703.01203::p1,1703.01203,cs.LG,train
2005.01004::p8,2005.01004,cs.LG,test
1802.07417::p41,1802.07417,cs.LG,train
1502.05213::p4,1502.05213,cs.LG,val
1509.04265::p7,1509.04265,cs.LG,test
1911.09531::p60,1911.09531,cs.LG,train
1904.09656::p31,1904.09656,cs.LG,test
2010.02350::p10,2010.02350,cs.LG,val
2011.00401::p1,2011.00401,cs.LG,train
2011.06170::p62,2011.06170,cs.LG,train
1903.11748::p31,1903.11748,cs.LG,train
2011.06742::p8,2011.06742,cs.LG,val
2011.06803::p31,2011.06803,cs.LG,train
1802.06771::p93,1802.06771,cs.LG,test
2010.09163::p6,2010.09163,cs.LG,train
1802.10353::p25,1802.10353,cs.LG,val
1912.05699::p79,1912.05699,cs.LG,train
1701.02490::p7,1701.02490,cs.LG,train
2011.06673::p58,2011.06673,cs.LG,val
1911.09531::p17,1911.09531,cs.LG,train
1712.08164::p43,1712.08164,cs.LG,test
1409.7165::p57,1409.7165,cs.LG,train
2011.06673::p5,2011.06673,cs.LG,val
2011.02819::p26,2011.02819,cs.LG,train
2008.05598::p128,2008.05598,cs.LG,train
1009.4766::p106,1009.4766,cs.LG,val
1710.11424::p17,1710.11424,cs.LG,train
2009.09172::p2,2009.09172,cs.LG,test
2008.12258::p20,2008.12258,cs.LG,train
2011.05970::p38,2011.05970,cs.LG,train
1712.00600::p1,1712.00600,cs.LG,train
2003.05739::p7,2003.05739,cs.LG,train
1502.05213::p1,1502.05213,cs.LG,val
2002.11883::p40,2002.11883,cs.LG,train
2011.06169::p0,2011.06169,cs.LG,val
2011.05384::p12,2011.05384,cs.LG,train
1901.01341::p51,1901.01341,cs.LG,train
2011.00517::p12,2011.00517,cs.LG,val
1904.07802::p13,1904.07802,cs.LG,train
2005.05069::p2,2005.05069,cs.LG,train
1907.09173::p35,1907.09173,cs.LG,test
1904.09656::p2,1904.09656,cs.LG,test
1407.3026::p19,1407.3026,cs.LG,test
1601.02376::p34,1601.02376,cs.LG,test
2010.15003::p26,2010.15003,cs.LG,train
1611.00138::p0,1611.00138,cs.LG,val
2010.06709::p58,2010.06709,cs.LG,test
2011.05286::p7,2011.05286,cs.LG,val
1609.07540::p3,1609.07540,cs.LG,test
2007.08012::p26,2007.08012,cs.LG,train
2001.10070::p10,2001.10070,cs.LG,test
2011.07057::p41,2011.07057,cs.LG,train
1610.04161::p1,1610.04161,cs.LG,val
2011.05302::p14,2011.05302,cs.LG,train
2011.05961::p3,2011.05961,cs.LG,train
2011.02819::p0,2011.02819,cs.LG,train
2010.09163::p7,2010.09163,cs.LG,train
2008.05101::p5,2008.05101,cs.LG,test
2011.05716::p12,2011.05716,cs.LG,train
2009.11705::p4,2009.11705,cs.LG,train
2011.06210::p7,2011.06210,cs.LG,train
2011.05716::p29,2011.05716,cs.LG,train
2010.05223::p1,2010.05223,cs.LG,val
1609.04994::p41,1609.04994,cs.LG,train
2010.08920::p104,2010.08920,cs.LG,train
2010.08920::p78,2010.08920,cs.LG,train
1509.07234::p76,1509.07234,cs.LG,val
1907.02211::p5,1907.02211,cs.LG,train
2011.07057::p38,2011.07057,cs.LG,train
1009.4766::p95,1009.4766,cs.LG,val
2010.15377::p38,2010.15377,cs.LG,train
0906.0211::p7,0906.0211,cs.LG,val
2010.11463::p33,2010.11463,cs.LG,train
1703.09197::p1,1703.09197,cs.LG,train
1601.02376::p14,1601.02376,cs.LG,test
2011.05664::p3,2011.05664,cs.LG,train
1705.00597::p1,1705.00597,cs.LG,train
1706.03256::p1,1706.03256,cs.LG,train
2010.02275::p7,2010.02275,cs.LG,test
1711.08477::p91,1711.08477,cs.LG,test
1906.01205::p8,1906.01205,cs.LG,train
2007.08012::p7,2007.08012,cs.LG,train
2010.15003::p18,2010.15003,cs.LG,train
1910.09638::p3,1910.09638,cs.LG,test
1802.06771::p0,1802.06771,cs.LG,test
1206.4110::p9,1206.4110,cs.LG,val
2010.08015::p7,2010.08015,cs.LG,train
1705.00597::p7,1705.00597,cs.LG,train
1812.06610::p1,1812.06610,cs.LG,train
1911.04946::p0,1911.04946,cs.LG,train
2007.12567::p11,2007.12567,cs.LG,test
2011.05537::p5,2011.05537,cs.LG,train
2007.12567::p1,2007.12567,cs.LG,test
1705.01209::p26,1705.01209,cs.LG,val
2011.05970::p27,2011.05970,cs.LG,train
1912.12623::p0,1912.12623,cs.LG,train
1110.5051::p25,1110.5051,cs.LG,train
1510.02892::p15,1510.02892,cs.LG,train
2010.08920::p4,2010.08920,cs.LG,train
1801.06801::p50,1801.06801,cs.LG,test
1502.05472::p13,1502.05472,cs.LG,train
1707.04873::p29,1707.04873,cs.LG,train
1512.04469::p74,1512.04469,cs.LG,test
1407.7722::p17,1407.7722,cs.LG,test
2008.05101::p34,2008.05101,cs.LG,test
1511.06049::p13,1511.06049,cs.LG,train
1911.04946::p107,1911.04946,cs.LG,train
2010.10341::p0,2010.10341,cs.LG,train
1311.6556::p6,1311.6556,cs.LG,test
2011.05816::p12,2011.05816,cs.LG,train
1611.04049::p109,1611.04049,cs.LG,test
2011.05384::p41,2011.05384,cs.LG,train
1812.06610::p7,1812.06610,cs.LG,train
2010.05842::p1,2010.05842,cs.LG,train
1408.2327::p40,1408.2327,cs.LG,val
2010.15003::p19,2010.15003,cs.LG,train
2010.13962::p27,2010.13962,cs.LG,train
1812.06610::p11,1812.06610,cs.LG,train
2011.05596::p6,2011.05596,cs.LG,val
1712.08164::p19,1712.08164,cs.LG,test
2011.05602::p7,2011.05602,cs.LG,train
1907.02211::p7,1907.02211,cs.LG,train
1701.02490::p20,1701.02490,cs.LG,train
1707.00300::p34,1707.00300,cs.LG,test
1812.06610::p13,1812.06610,cs.LG,train
1610.04161::p0,1610.04161,cs.LG,val
1911.09531::p61,1911.09531,cs.LG,train
2007.11735::p6,2007.11735,cs.LG,train
2011.02712::p4,2011.02712,cs.LG,test
2011.05525::p24,2011.05525,cs.LG,val
2011.05286::p16,2011.05286,cs.LG,val
2011.05080::p13,2011.05080,cs.LG,val
1712.08164::p25,1712.08164,cs.LG,test
1608.00895::p9,1608.00895,cs.LG,val
1911.10097::p41,1911.10097,cs.LG,train
2011.06485::p23,2011.06485,cs.LG,train
2011.06742::p57,2011.06742,cs.LG,val
2011.04194::p1,2011.04194,cs.LG,test
2010.14543::p26,2010.14543,cs.LG,val
1707.04873::p10,1707.04873,cs.LG,train
1606.05934::p2,1606.05934,cs.LG,train
1511.06049::p65,1511.06049,cs.LG,train
2011.02819::p40,2011.02819,cs.LG,train
2010.09892::p2,2010.09892,cs.LG,test
1802.04927::p22,1802.04927,cs.LG,train
2010.08920::p129,2010.08920,cs.LG,train
1906.01205::p4,1906.01205,cs.LG,train
1910.02312::p2,1910.02312,cs.LG,train
1711.08477::p5,1711.08477,cs.LG,test
1611.00138::p7,1611.00138,cs.LG,val
1602.02950::p24,1602.02950,cs.LG,test
2007.11735::p4,2007.11735,cs.LG,train
2011.06391::p70,2011.06391,cs.LG,test
2007.12324::p21,2007.12324,cs.LG,val
0906.0211::p21,0906.0211,cs.LG,val
1903.01567::p12,1903.01567,cs.LG,test
2011.04573::p1,2011.04573,cs.LG,val
2011.06485::p31,2011.06485,cs.LG,train
1907.08321::p6,1907.08321,cs.LG,test
1907.08321::p5,1907.08321,cs.LG,test
1610.04161::p59,1610.04161,cs.LG,val
1904.08149::p25,1904.08149,cs.LG,train
2005.05069::p0,2005.05069,cs.LG,train
2010.06684::p1,2010.06684,cs.LG,train
1512.04469::p81,1512.04469,cs.LG,test
1704.07978::p11,1704.07978,cs.LG,train
1704.03037::p56,1704.03037,cs.LG,train
1312.3388::p0,1312.3388,cs.LG,train
1707.01093::p5,1707.01093,cs.LG,train
2011.05816::p2,2011.05816,cs.LG,train
1408.2327::p53,1408.2327,cs.LG,val
1911.05699::p0,1911.05699,cs.LG,test
1601.02377::p7,1601.02377,cs.LG,test
1802.06771::p1,1802.06771,cs.LG,test
1407.3026::p16,1407.3026,cs.LG,test
2010.06178::p6,2010.06178,cs.LG,train
2011.04573::p52,2011.04573,cs.LG,val
2010.05771::p6,2010.05771,cs.LG,test
1901.01341::p33,1901.01341,cs.LG,train
2010.02275::p5,2010.02275,cs.LG,test
1609.05473::p1,1609.05473,cs.LG,test
2011.06803::p9,2011.06803,cs.LG,train
1702.01691::p75,1702.01691,cs.LG,train
1702.01691::p64,1702.01691,cs.LG,train
1502.05213::p17,1502.05213,cs.LG,val
2010.10341::p44,2010.10341,cs.LG,train
2008.05101::p1,2008.05101,cs.LG,test
2011.02819::p63,2011.02819,cs.LG,train
2010.06709::p1,2010.06709,cs.LG,test
1009.4766::p3,1009.4766,cs.LG,val
1502.05213::p10,1502.05213,cs.LG,val
2011.06210::p8,2011.06210,cs.LG,train
1703.09197::p12,1703.09197,cs.LG,train
1705.01209::p39,1705.01209,cs.LG,val
2011.05716::p26,2011.05716,cs.LG,train
1911.11555::p14,1911.11555,cs.LG,train
1906.08305::p20,1906.08305,cs.LG,train
2011.05705::p0,2011.05705,cs.LG,train
1910.09638::p19,1910.09638,cs.LG,test
1407.6067::p3,1407.6067,cs.LG,val
2010.02350::p2,2010.02350,cs.LG,val
1709.03942::p15,1709.03942,cs.LG,train
1709.03942::p1,1709.03942,cs.LG,train
1802.06771::p3,1802.06771,cs.LG,test
1511.06049::p16,1511.06049,cs.LG,train
1110.2416::p49,1110.2416,cs.LG,train
1910.07724::p17,1910.07724,cs.LG,train
1710.03368::p20,1710.03368,cs.LG,train
1708.07227::p33,1708.07227,cs.LG,train
1708.07227::p22,1708.07227,cs.LG,train
1611.00138::p23,1611.00138,cs.LG,val
2010.09163::p40,2010.09163,cs.LG,train
1509.04265::p5,1509.04265,cs.LG,test
1110.2416::p52,1110.2416,cs.LG,train
1802.04416::p2,1802.04416,cs.LG,val
2011.05816::p52,2011.05816,cs.LG,train
2011.00401::p10,2011.00401,cs.LG,train
1110.2416::p1,1110.2416,cs.LG,train
1512.04469::p16,1512.04469,cs.LG,test
1904.09656::p14,1904.09656,cs.LG,test
1708.07227::p30,1708.07227,cs.LG,train
1712.00600::p2,1712.00600,cs.LG,train
1407.3026::p9,1407.3026,cs.LG,test
1311.6556::p4,1311.6556,cs.LG,test
1703.01141::p3,1703.01141,cs.LG,train
1802.04416::p71,1802.04416,cs.LG,val
2010.15597::p10,2010.15597,cs.LG,train
2010.06870::p19,2010.06870,cs.LG,train
2011.06485::p17,2011.06485,cs.LG,train
2010.07426::p107,2010.07426,cs.LG,test
1707.01166::p2,1707.01166,cs.LG,train
2011.06182::p0,2011.06182,cs.LG,train
2011.06176::p54,2011.06176,cs.LG,train
1801.05535::p33,1801.05535,cs.LG,train
2007.12324::p42,2007.12324,cs.LG,val
1802.05649::p14,1802.05649,cs.LG,train
1705.00597::p4,1705.00597,cs.LG,train
1704.03298::p252,1704.03298,cs.LG,val
1705.07962::p4,1705.07962,cs.LG,val
2007.12567::p4,2007.12567,cs.LG,test
1502.03409::p18,1502.03409,cs.LG,val
2011.06176::p35,2011.06176,cs.LG,train
2010.05862::p40,2010.05862,cs.LG,val
2010.06870::p28,2010.06870,cs.LG,train
1602.02950::p2,1602.02950,cs.LG,test
1911.10097::p28,1911.10097,cs.LG,train
1801.05535::p14,1801.05535,cs.LG,train
2011.05519::p8,2011.05519,cs.LG,train
1801.05535::p21,1801.05535,cs.LG,train
1407.7722::p37,1407.7722,cs.LG,test
1702.01691::p6,1702.01691,cs.LG,train
1904.12386::p1,1904.12386,cs.LG,val
2009.09172::p0,2009.09172,cs.LG,test
2008.05598::p30,2008.05598,cs.LG,train
2008.05598::p109,2008.05598,cs.LG,train
1903.11748::p23,1903.11748,cs.LG,train
2010.15377::p14,2010.15377,cs.LG,train
2010.06870::p20,2010.06870,cs.LG,train
1710.03368::p24,1710.03368,cs.LG,train
1802.04416::p56,1802.04416,cs.LG,val
2011.06391::p1,2011.06391,cs.LG,test
1802.04416::p4,1802.04416,cs.LG,val
1708.07227::p8,1708.07227,cs.LG,train
1509.03755::p13,1509.03755,cs.LG,train
1703.01141::p4,1703.01141,cs.LG,train
1706.03256::p6,1706.03256,cs.LG,train
2005.05069::p8,2005.05069,cs.LG,train
2011.04573::p2,2011.04573,cs.LG,val
2010.09892::p11,2010.09892,cs.LG,test
2011.05664::p22,2011.05664,cs.LG,train
1605.08478::p17,1605.08478,cs.LG,val
2005.01004::p4,2005.01004,cs.LG,test
2010.05842::p10,2010.05842,cs.LG,train
2010.09892::p9,2010.09892,cs.LG,test
1803.00781::p4,1803.00781,cs.LG,train
2010.13962::p24,2010.13962,cs.LG,train
1710.11478::p31,1710.11478,cs.LG,val
2011.00580::p11,2011.00580,cs.LG,train
1705.00597::p0,1705.00597,cs.LG,train
1705.01209::p7,1705.01209,cs.LG,val
1206.4110::p3,1206.4110,cs.LG,val
1607.02444::p1,1607.02444,cs.LG,train
2010.07426::p171,2010.07426,cs.LG,test
1607.02444::p8,1607.02444,cs.LG,train
2011.06170::p74,2011.06170,cs.LG,train
1110.5051::p9,1110.5051,cs.LG,train
2011.06182::p34,2011.06182,cs.LG,train
2010.02275::p6,2010.02275,cs.LG,test
2011.06170::p6,2011.06170,cs.LG,train
1509.07234::p101,1509.07234,cs.LG,val
2011.06210::p0,2011.06210,cs.LG,train
2011.00580::p55,2011.00580,cs.LG,train
1812.05979::p0,1812.05979,cs.LG,train
2011.05596::p0,2011.05596,cs.LG,val
1802.10353::p9,1802.10353,cs.LG,val
2008.05101::p43,2008.05101,cs.LG,test
1601.02377::p38,1601.02377,cs.LG,test
2005.01004::p26,2005.01004,cs.LG,test
1706.04933::p1,1706.04933,cs.LG,train
2011.06176::p1,2011.06176,cs.LG,train
2010.15597::p9,2010.15597,cs.LG,train
2010.11463::p1,2010.11463,cs.LG,train
1509.07234::p20,1509.07234,cs.LG,val
1706.03256::p19,1706.03256,cs.LG,train
2010.06178::p27,2010.06178,cs.LG,train
2011.06803::p7,2011.06803,cs.LG,train
1911.04946::p72,1911.04946,cs.LG,train
2011.06041::p22,2011.06041,cs.LG,test
2011.06485::p41,2011.06485,cs.LG,train
2002.11882::p10,2002.11882,cs.LG,val
2007.08012::p62,2007.08012,cs.LG,train
2010.04062::p18,2010.04062,cs.LG,val
2010.15377::p27,2010.15377,cs.LG,train
1707.01093::p0,1707.01093,cs.LG,train
2010.13962::p15,2010.13962,cs.LG,train
2010.07426::p45,2010.07426,cs.LG,test
1707.04873::p18,1707.04873,cs.LG,train
2011.02036::p0,2011.02036,cs.LG,val
2011.06041::p3,2011.06041,cs.LG,test
1701.02490::p6,1701.02490,cs.LG,train
1709.05433::p1,1709.05433,cs.LG,train
2011.06742::p5,2011.06742,cs.LG,val
2002.11883::p15,2002.11883,cs.LG,train
1206.4110::p2,1206.4110,cs.LG,val
2011.05602::p27,2011.05602,cs.LG,train
1710.08496::p4,1710.08496,cs.LG,train
0906.0052::p46,0906.0052,cs.LG,train
1908.06871::p3,1908.06871,cs.LG,train
2010.13929::p13,2010.13929,cs.LG,test
2010.07426::p36,2010.07426,cs.LG,test
1904.07802::p16,1904.07802,cs.LG,train
1907.08321::p27,1907.08321,cs.LG,test
1906.08305::p8,1906.08305,cs.LG,train
1312.3388::p55,1312.3388,cs.LG,train
1707.04873::p0,1707.04873,cs.LG,train
1906.08305::p56,1906.08305,cs.LG,train
1408.2327::p43,1408.2327,cs.LG,val
2007.11735::p0,2007.11735,cs.LG,train
2007.11735::p9,2007.11735,cs.LG,train
1604.03640::p2,1604.03640,cs.LG,train
1712.09783::p3,1712.09783,cs.LG,train
1910.07724::p35,1910.07724,cs.LG,train
2011.00401::p80,2011.00401,cs.LG,train
1707.01166::p4,1707.01166,cs.LG,train
1912.12623::p5,1912.12623,cs.LG,train
0812.4044::p18,0812.4044,cs.LG,train
1801.05535::p0,1801.05535,cs.LG,train
1704.03037::p1,1704.03037,cs.LG,train
1511.05077::p43,1511.05077,cs.LG,train
2010.02275::p0,2010.02275,cs.LG,test
1611.00144::p75,1611.00144,cs.LG,train
1910.09638::p7,1910.09638,cs.LG,test
1904.09656::p3,1904.09656,cs.LG,test
2002.11883::p0,2002.11883,cs.LG,train
0906.0211::p54,0906.0211,cs.LG,val
1907.02211::p6,1907.02211,cs.LG,train
1911.10097::p10,1911.10097,cs.LG,train
1903.11748::p0,1903.11748,cs.LG,train
2011.06673::p4,2011.06673,cs.LG,val
2011.05080::p54,2011.05080,cs.LG,val
1312.3388::p74,1312.3388,cs.LG,train
1802.07417::p23,1802.07417,cs.LG,train
2002.11882::p19,2002.11882,cs.LG,val
2010.08015::p1,2010.08015,cs.LG,train
2004.04479::p2,2004.04479,cs.LG,train
1712.09783::p16,1712.09783,cs.LG,train
1611.00144::p7,1611.00144,cs.LG,train
1206.4110::p28,1206.4110,cs.LG,val
1509.03755::p34,1509.03755,cs.LG,train
1704.07978::p27,1704.07978,cs.LG,train
1611.00138::p3,1611.00138,cs.LG,val
1704.03037::p8,1704.03037,cs.LG,train
2010.06870::p15,2010.06870,cs.LG,train
1502.05472::p23,1502.05472,cs.LG,train
1712.09783::p39,1712.09783,cs.LG,train
1906.08305::p58,1906.08305,cs.LG,train
1912.05699::p19,1912.05699,cs.LG,train
2010.02350::p6,2010.02350,cs.LG,val
1907.09173::p0,1907.09173,cs.LG,test
1511.05077::p10,1511.05077,cs.LG,train
2010.12500::p2,2010.12500,cs.LG,val
1609.05473::p55,1609.05473,cs.LG,test
1701.02490::p48,1701.02490,cs.LG,train
0906.0052::p22,0906.0052,cs.LG,train
1407.6067::p2,1407.6067,cs.LG,val
2011.02955::p20,2011.02955,cs.LG,test
0812.4044::p113,0812.4044,cs.LG,train
2001.04292::p251,2001.04292,cs.LG,train
2011.05961::p19,2011.05961,cs.LG,train
1803.00443::p0,1803.00443,cs.LG,train
2009.09172::p6,2009.09172,cs.LG,test
2010.06178::p25,2010.06178,cs.LG,train
1510.02892::p18,1510.02892,cs.LG,train
2010.11463::p64,2010.11463,cs.LG,train
2008.05598::p13,2008.05598,cs.LG,train
2011.06041::p84,2011.06041,cs.LG,test
2011.06169::p11,2011.06169,cs.LG,val
2011.04573::p32,2011.04573,cs.LG,val
1704.02399::p36,1704.02399,cs.LG,train
1110.5051::p11,1110.5051,cs.LG,train
1905.06449::p48,1905.06449,cs.MA,test
1601.08116::p17,1601.08116,cs.MA,train
2206.09590::p63,2206.09590,cs.MA,test
2202.09422::p93,2202.09422,cs.MA,train
2012.11258::p27,2012.11258,cs.MA,test
1607.05540::p4,1607.05540,cs.MA,val
2210.00982::p35,2210.00982,cs.MA,test
2202.10450::p58,2202.10450,cs.MA,train
2110.07780::p44,2110.07780,cs.MA,val
2210.00201::p4,2210.00201,cs.MA,test
2001.02906::p59,2001.02906,cs.MA,test
2103.15894::p1,2103.15894,cs.MA,train
2201.07305::p43,2201.07305,cs.MA,train
2212.01454::p79,2212.01454,cs.MA,val
2209.14128::p10,2209.14128,cs.MA,train
2202.10612::p23,2202.10612,cs.MA,val
2102.00824::p4,2102.00824,cs.MA,train
2003.01040::p25,2003.01040,cs.MA,test
2205.14400::p8,2205.14400,cs.MA,train
2210.16063::p24,2210.16063,cs.MA,train
2207.09300::p12,2207.09300,cs.MA,train
2103.15894::p11,2103.15894,cs.MA,train
2102.07185::p26,2102.07185,cs.MA,val
2201.01099::p59,2201.01099,cs.MA,test
2112.14801::p59,2112.14801,cs.MA,train
2205.02061::p83,2205.02061,cs.MA,train
2210.13089::p37,2210.13089,cs.MA,val
2201.01099::p1,2201.01099,cs.MA,test
2203.12832::p35,2203.12832,cs.MA,test
2203.04052::p29,2203.04052,cs.MA,train
1901.09837::p5,1901.09837,cs.MA,train
2210.04365::p8,2210.04365,cs.MA,val
2012.04107::p57,2012.04107,cs.MA,test
2207.11143::p37,2207.11143,cs.MA,val
2002.02345::p50,2002.02345,cs.MA,train
2105.08187::p4,2105.08187,cs.MA,train
2208.01682::p89,2208.01682,cs.MA,train
1908.09184::p26,1908.09184,cs.MA,train
1909.09397::p59,1909.09397,cs.MA,train
2112.04454::p51,2112.04454,cs.MA,val
2206.11420::p65,2206.11420,cs.MA,train
1605.04360::p56,1605.04360,cs.MA,train
2210.11344::p17,2210.11344,cs.MA,train
2206.06758::p5,2206.06758,cs.MA,test
2208.07298::p5,2208.07298,cs.MA,val
2208.01430::p23,2208.01430,cs.MA,train
2211.02089::p10,2211.02089,cs.MA,test
2102.02919::p49,2102.02919,cs.MA,train
2211.01959::p4,2211.01959,cs.MA,train
2012.08255::p30,2012.08255,cs.MA,train
2207.08279::p11,2207.08279,cs.MA,val
2211.17077::p9,2211.17077,cs.MA,val
1601.08154::p49,1601.08154,cs.MA,train
1810.09206::p12,1810.09206,cs.MA,train
2206.09030::p13,2206.09030,cs.MA,train
2210.13015::p2,2210.13015,cs.MA,train
2208.07298::p14,2208.07298,cs.MA,val
2106.04958::p25,2106.04958,cs.MA,train
2011.14890::p1,2011.14890,cs.MA,test
2012.04861::p21,2012.04861,cs.MA,val
2211.02089::p11,2211.02089,cs.MA,test
2202.07741::p13,2202.07741,cs.MA,train
2012.03243::p37,2012.03243,cs.MA,train
2206.07642::p1,2206.07642,cs.MA,val
2012.03243::p22,2012.03243,cs.MA,train
1904.05267::p48,1904.05267,cs.MA,train
2206.11420::p68,2206.11420,cs.MA,train
2207.09300::p16,2207.09300,cs.MA,train
1810.01719::p4,1810.01719,cs.MA,train
2206.09889::p52,2206.09889,cs.MA,train
1207.0405::p36,1207.0405,cs.MA,train
2201.01099::p20,2201.01099,cs.MA,test
2211.13746::p61,2211.13746,cs.MA,test
2111.08882::p27,2111.08882,cs.MA,train
2105.04598::p31,2105.04598,cs.MA,train
2212.02395::p5,2212.02395,cs.MA,train
2012.08255::p26,2012.08255,cs.MA,train
2003.08158::p6,2003.08158,cs.MA,train
2206.13754::p87,2206.13754,cs.MA,train
1711.11068::p2,1711.11068,cs.MA,val
1810.09206::p34,1810.09206,cs.MA,train
1601.08162::p22,1601.08162,cs.MA,train
2107.06866::p1,2107.06866,cs.MA,val
2201.04612::p29,2201.04612,cs.MA,train
2211.02127::p8,2211.02127,cs.MA,test
2206.06758::p51,2206.06758,cs.MA,test
1903.03841::p44,1903.03841,cs.MA,train
2205.13718::p53,2205.13718,cs.MA,train
2210.00201::p9,2210.00201,cs.MA,test
2104.06654::p10,2104.06654,cs.MA,test
2212.00844::p15,2212.00844,cs.MA,val
2007.08521::p3,2007.08521,cs.MA,train
2205.00979::p42,2205.00979,cs.MA,test
2211.01480::p15,2211.01480,cs.MA,val
2206.00587::p10,2206.00587,cs.MA,test
2212.04122::p1,2212.04122,cs.MA,train
1811.09414::p5,1811.09414,cs.MA,train
2110.08172::p9,2110.08172,cs.MA,val
2203.10603::p26,2203.10603,cs.MA,train
1908.09184::p0,1908.09184,cs.MA,train
2210.05448::p9,2210.05448,cs.MA,val
2211.02127::p39,2211.02127,cs.MA,test
2207.08279::p9,2207.08279,cs.MA,val
2206.07642::p0,2206.07642,cs.MA,val
2112.01078::p34,2112.01078,cs.MA,train
2105.04598::p6,2105.04598,cs.MA,train
2106.00655::p4,2106.00655,cs.MA,val
2206.14614::p2,2206.14614,cs.MA,test
2208.01285::p35,2208.01285,cs.MA,train
2208.01285::p4,2208.01285,cs.MA,train
2203.01033::p0,2203.01033,cs.MA,train
2112.10252::p5,2112.10252,cs.MA,test
2107.06857::p31,2107.06857,cs.MA,train
2206.03253::p29,2206.03253,cs.MA,train
2206.09549::p5,2206.09549,cs.MA,val
2107.06857::p116,2107.06857,cs.MA,train
2212.00844::p10,2212.00844,cs.MA,val
2207.11143::p62,2207.11143,cs.MA,val
2110.07780::p39,2110.07780,cs.MA,val
2212.04122::p0,2212.04122,cs.MA,train
2206.12718::p84,2206.12718,cs.MA,train
2204.04910::p63,2204.04910,cs.MA,train
1901.09837::p1,1901.09837,cs.MA,train
1905.06449::p42,1905.06449,cs.MA,test
2105.07933::p4,2105.07933,cs.MA,test
2111.00438::p11,2111.00438,cs.MA,test
2202.04382::p9,2202.04382,cs.MA,train
2206.09889::p14,2206.09889,cs.MA,train
2210.06955::p28,2210.06955,cs.MA,train
2212.13379::p47,2212.13379,cs.MA,test
1711.11068::p11,1711.11068,cs.MA,val
2211.17077::p7,2211.17077,cs.MA,val
2105.08187::p17,2105.08187,cs.MA,train
2111.00438::p3,2111.00438,cs.MA,test
2206.09030::p6,2206.09030,cs.MA,train
2206.03253::p2,2206.03253,cs.MA,train
1207.0405::p25,1207.0405,cs.MA,train
2205.12503::p14,2205.12503,cs.MA,val
1706.08501::p9,1706.08501,cs.MA,train
2005.12712::p41,2005.12712,cs.MA,train
2001.07145::p14,2001.07145,cs.MA,val
2206.11824::p36,2206.11824,cs.MA,test
2107.06857::p132,2107.06857,cs.MA,train
2206.03253::p40,2206.03253,cs.MA,train
1802.01730::p9,1802.01730,cs.MA,test
2210.00201::p28,2210.00201,cs.MA,test
2208.01682::p4,2208.01682,cs.MA,train
1607.05540::p27,1607.05540,cs.MA,val
1905.06449::p30,1905.06449,cs.MA,test
1911.05908::p18,1911.05908,cs.MA,train
2112.14801::p0,2112.14801,cs.MA,train
2201.04612::p17,2201.04612,cs.MA,train
2104.06940::p7,2104.06940,cs.MA,train
2208.05071::p5,2208.05071,cs.MA,train
2012.04107::p39,2012.04107,cs.MA,test
2208.07298::p13,2208.07298,cs.MA,val
2201.01247::p0,2201.01247,cs.MA,train
2203.04052::p24,2203.04052,cs.MA,train
2202.01095::p0,2202.01095,cs.MA,test
2207.01017::p5,2207.01017,cs.MA,test
2210.06955::p17,2210.06955,cs.MA,train
2111.08882::p7,2111.08882,cs.MA,train
2207.09300::p15,2207.09300,cs.MA,train
2002.06684::p6,2002.06684,cs.MA,train
2109.08301::p2,2109.08301,cs.MA,train
2104.08759::p33,2104.08759,cs.MA,train
2206.11824::p22,2206.11824,cs.MA,test
2211.10198::p5,2211.10198,cs.MA,train
2003.01040::p2,2003.01040,cs.MA,test
2210.16063::p4,2210.16063,cs.MA,train
1905.04840::p46,1905.04840,cs.MA,train
2211.13746::p13,2211.13746,cs.MA,test
1706.02092::p6,1706.02092,cs.MA,train
1601.08154::p52,1601.08154,cs.MA,train
2003.06906::p22,2003.06906,cs.MA,train
2102.00824::p1,2102.00824,cs.MA,train
2202.01095::p14,2202.01095,cs.MA,test
2212.00844::p17,2212.00844,cs.MA,val
1801.00259::p7,1801.00259,cs.MA,train
2204.06603::p31,2204.06603,cs.MA,test
2203.04052::p4,2203.04052,cs.MA,train
2102.10540::p73,2102.10540,cs.MA,train
2106.04958::p55,2106.04958,cs.MA,train
2011.14148::p67,2011.14148,cs.MA,train
2111.14310::p4,2111.14310,cs.MA,train
1905.04840::p2,1905.04840,cs.MA,train
2206.12718::p71,2206.12718,cs.MA,train
1802.01730::p6,1802.01730,cs.MA,test
2202.04382::p1,2202.04382,cs.MA,train
2111.00438::p64,2111.00438,cs.MA,test
2211.10802::p8,2211.10802,cs.MA,train
2106.11156::p4,2106.11156,cs.MA,val
1801.00259::p6,1801.00259,cs.MA,train
2104.06940::p3,2104.06940,cs.MA,train
1901.09837::p18,1901.09837,cs.MA,train
2211.02089::p1,2211.02089,cs.MA,test
2001.07145::p3,2001.07145,cs.MA,val
1810.09206::p0,1810.09206,cs.MA,train
2201.07305::p62,2201.07305,cs.MA,train
2206.00587::p2,2206.00587,cs.MA,test
2112.04454::p54,2112.04454,cs.MA,val
2103.08067::p12,2103.08067,cs.MA,train
2205.12503::p0,2205.12503,cs.MA,val
2210.09646::p57,2210.09646,cs.MA,train
1607.05540::p3,1607.05540,cs.MA,val
1601.08162::p2,1601.08162,cs.MA,train
1908.09184::p2,1908.09184,cs.MA,train
2201.01247::p26,2201.01247,cs.MA,train
2104.06654::p39,2104.06654,cs.MA,test
2106.05188::p4,2106.05188,cs.MA,train
2206.11420::p6,2206.11420,cs.MA,train
1904.05267::p36,1904.05267,cs.MA,train
1601.08162::p28,1601.08162,cs.MA,train
2102.07185::p16,2102.07185,cs.MA,val
2205.00979::p40,2205.00979,cs.MA,test
2212.04122::p28,2212.04122,cs.MA,train
2003.01040::p32,2003.01040,cs.MA,test
2110.08172::p7,2110.08172,cs.MA,val
2105.10605::p62,2105.10605,cs.MA,test
2205.14396::p4,2205.14396,cs.MA,val
2112.04454::p4,2112.04454,cs.MA,val
2102.00824::p11,2102.00824,cs.MA,train
1612.03433::p2,1612.03433,cs.MA,train
1810.01719::p0,1810.01719,cs.MA,train
2106.06828::p13,2106.06828,cs.MA,train
1508.04531::p12,1508.04531,cs.MA,train
2208.07298::p12,2208.07298,cs.MA,val
1605.04360::p30,1605.04360,cs.MA,train
2211.10198::p33,2211.10198,cs.MA,train
2103.15894::p45,2103.15894,cs.MA,train
2208.01430::p24,2208.01430,cs.MA,train
2207.08279::p7,2207.08279,cs.MA,val
2210.16063::p5,2210.16063,cs.MA,train
2206.09549::p28,2206.09549,cs.MA,val
2211.03936::p1,2211.03936,cs.MA,train
2206.00587::p7,2206.00587,cs.MA,test
2105.10605::p12,2105.10605,cs.MA,test
2112.10252::p2,2112.10252,cs.MA,test
2105.10716::p3,2105.10716,cs.MA,test
2202.09489::p14,2202.09489,cs.MA,val
2112.04454::p37,2112.04454,cs.MA,val
2210.04365::p48,2210.04365,cs.MA,val
2106.04958::p0,2106.04958,cs.MA,train
2202.10612::p0,2202.10612,cs.MA,val
1904.05267::p8,1904.05267,cs.MA,train
2106.05188::p3,2106.05188,cs.MA,train
1905.06449::p1,1905.06449,cs.MA,test
2206.13754::p86,2206.13754,cs.MA,train
2206.00587::p11,2206.00587,cs.MA,test
2011.14890::p7,2011.14890,cs.MA,test
2207.08279::p3,2207.08279,cs.MA,val
2007.08521::p1,2007.08521,cs.MA,train
2208.01285::p32,2208.01285,cs.MA,train
2011.14148::p2,2011.14148,cs.MA,train
2206.14614::p0,2206.14614,cs.MA,test
2102.10540::p25,2102.10540,cs.MA,train
2106.06828::p32,2106.06828,cs.MA,train
2102.02919::p21,2102.02919,cs.MA,train
2011.14148::p1,2011.14148,cs.MA,train
2210.09646::p63,2210.09646,cs.MA,train
2210.13015::p1,2210.13015,cs.MA,train
1811.09414::p0,1811.09414,cs.MA,train
1903.03841::p10,1903.03841,cs.MA,train
2005.12712::p0,2005.12712,cs.MA,train
2112.10252::p24,2112.10252,cs.MA,test
2212.01454::p72,2212.01454,cs.MA,val
2203.10603::p0,2203.10603,cs.MA,train
2104.06654::p7,2104.06654,cs.MA,test
2211.03658::p2,2211.03658,cs.MA,train
2208.05071::p3,2208.05071,cs.MA,train
1601.08116::p10,1601.08116,cs.MA,train
2111.14310::p0,2111.14310,cs.MA,train
2204.01395::p5,2204.01395,cs.MA,train
2206.09030::p2,2206.09030,cs.MA,train
2206.09030::p46,2206.09030,cs.MA,train
2202.09422::p101,2202.09422,cs.MA,train
2202.07741::p40,2202.07741,cs.MA,train
2205.02061::p73,2205.02061,cs.MA,train
2110.00506::p17,2110.00506,cs.MA,val
2201.04612::p85,2201.04612,cs.MA,train
2202.10449::p0,2202.10449,cs.MA,val
2212.02395::p6,2212.02395,cs.MA,train
1508.04531::p4,1508.04531,cs.MA,train
2001.02906::p9,2001.02906,cs.MA,test
1801.00259::p9,1801.00259,cs.MA,train
2012.11047::p31,2012.11047,cs.MA,train
1909.09397::p39,1909.09397,cs.MA,train
2206.09549::p0,2206.09549,cs.MA,val
1508.04531::p15,1508.04531,cs.MA,train
2211.01480::p4,2211.01480,cs.MA,val
1802.01730::p21,1802.01730,cs.MA,test
1607.05540::p6,1607.05540,cs.MA,val
2210.13089::p42,2210.13089,cs.MA,val
1708.00194::p2,1708.00194,cs.MA,val
2204.04910::p1,2204.04910,cs.MA,train
2210.11055::p3,2210.11055,cs.MA,train
2205.13718::p44,2205.13718,cs.MA,train
2204.04910::p61,2204.04910,cs.MA,train
2212.01454::p7,2212.01454,cs.MA,val
2205.13718::p34,2205.13718,cs.MA,train
2106.06828::p0,2106.06828,cs.MA,train
2003.01040::p33,2003.01040,cs.MA,test
2201.07305::p11,2201.07305,cs.MA,train
2202.09422::p5,2202.09422,cs.MA,train
2202.09422::p32,2202.09422,cs.MA,train
2102.02919::p14,2102.02919,cs.MA,train
2106.00655::p2,2106.00655,cs.MA,val
2204.06603::p2,2204.06603,cs.MA,test
2202.10450::p55,2202.10450,cs.MA,train
2212.13379::p74,2212.13379,cs.MA,test
2205.02061::p24,2205.02061,cs.MA,train
2208.01682::p0,2208.01682,cs.MA,train
2012.08255::p1,2012.08255,cs.MA,train
2105.10716::p0,2105.10716,cs.MA,test
2011.14148::p60,2011.14148,cs.MA,train
2001.02906::p6,2001.02906,cs.MA,test
2104.06940::p19,2104.06940,cs.MA,train
2210.00982::p23,2210.00982,cs.MA,test
2205.06678::p2,2205.06678,cs.MA,val
2205.12503::p75,2205.12503,cs.MA,val
2204.07932::p5,2204.07932,cs.MA,train
2211.10198::p34,2211.10198,cs.MA,train
1601.08162::p33,1601.08162,cs.MA,train
1911.05908::p2,1911.05908,cs.MA,train
2211.03658::p7,2211.03658,cs.MA,train
2205.00979::p41,2205.00979,cs.MA,test
1706.02092::p92,1706.02092,cs.MA,train
2210.02260::p4,2210.02260,cs.MA,train
2105.07933::p53,2105.07933,cs.MA,test
2212.13379::p2,2212.13379,cs.MA,test
2206.14614::p6,2206.14614,cs.MA,test
2210.13089::p105,2210.13089,cs.MA,val
2202.01095::p1,2202.01095,cs.MA,test
1901.09837::p34,1901.09837,cs.MA,train
2208.01430::p2,2208.01430,cs.MA,train
2202.09489::p68,2202.09489,cs.MA,val
2203.01033::p11,2203.01033,cs.MA,train
2107.06866::p65,2107.06866,cs.MA,val
2102.07185::p10,2102.07185,cs.MA,val
2105.04598::p2,2105.04598,cs.MA,train
2106.11156::p1,2106.11156,cs.MA,val
2206.09889::p0,2206.09889,cs.MA,train
2204.01395::p28,2204.01395,cs.MA,train
2202.01095::p11,2202.01095,cs.MA,test
2110.06396::p4,2110.06396,cs.MA,train
2104.06654::p8,2104.06654,cs.MA,test
2211.10802::p4,2211.10802,cs.MA,train
2204.06603::p43,2204.06603,cs.MA,test
2012.11258::p67,2012.11258,cs.MA,test
2111.00438::p77,2111.00438,cs.MA,test
2209.14128::p29,2209.14128,cs.MA,train
2211.02127::p11,2211.02127,cs.MA,test
2210.11055::p2,2210.11055,cs.MA,train
2207.11143::p47,2207.11143,cs.MA,val
1905.04840::p8,1905.04840,cs.MA,train
2208.04563::p8,2208.04563,cs.MA,train
2012.03243::p0,2012.03243,cs.MA,train
1601.08116::p25,1601.08116,cs.MA,train
2105.01889::p0,2105.01889,cs.MA,train
2106.00655::p3,2106.00655,cs.MA,val
2012.03243::p26,2012.03243,cs.MA,train
2202.04382::p17,2202.04382,cs.MA,train
2212.02395::p1,2212.02395,cs.MA,train
2204.12064::p25,2204.12064,cs.MA,val
2210.16063::p3,2210.16063,cs.MA,train
2205.12503::p3,2205.12503,cs.MA,val
2007.08521::p0,2007.08521,cs.MA,train
1801.00259::p19,1801.00259,cs.MA,train
1612.03433::p54,1612.03433,cs.MA,train
2205.14396::p7,2205.14396,cs.MA,val
2205.14396::p5,2205.14396,cs.MA,val
2211.10802::p1,2211.10802,cs.MA,train
2110.06396::p7,2110.06396,cs.MA,train
2102.10540::p19,2102.10540,cs.MA,train
1706.08501::p16,1706.08501,cs.MA,train
2010.09054::p1,2010.09054,cs.MA,val
2208.01285::p10,2208.01285,cs.MA,train
2204.01395::p1,2204.01395,cs.MA,train
1811.09414::p2,1811.09414,cs.MA,train
2107.06857::p128,2107.06857,cs.MA,train
2201.01247::p58,2201.01247,cs.MA,train
1802.01730::p5,1802.01730,cs.MA,test
2206.09590::p93,2206.09590,cs.MA,test
2106.00655::p16,2106.00655,cs.MA,val
2011.14890::p6,2011.14890,cs.MA,test
2102.02919::p3,2102.02919,cs.MA,train
2101.04057::p14,2101.04057,cs.MA,train
2110.07780::p14,2110.07780,cs.MA,val
1908.09184::p3,1908.09184,cs.MA,train
2203.12832::p39,2203.12832,cs.MA,test
2211.02127::p14,2211.02127,cs.MA,test
2210.13089::p36,2210.13089,cs.MA,val
2211.03658::p1,2211.03658,cs.MA,train
2204.14076::p4,2204.14076,cs.MA,train
1708.00194::p3,1708.00194,cs.MA,val
2201.07305::p10,2201.07305,cs.MA,train
2211.10198::p14,2211.10198,cs.MA,train
2207.11143::p1,2207.11143,cs.MA,val
2210.13015::p0,2210.13015,cs.MA,train
2012.08255::p19,2012.08255,cs.MA,train
2101.04057::p2,2101.04057,cs.MA,train
2202.04382::p2,2202.04382,cs.MA,train
2204.01395::p0,2204.01395,cs.MA,train
2212.02395::p34,2212.02395,cs.MA,train
2007.08521::p2,2007.08521,cs.MA,train
2110.00506::p22,2110.00506,cs.MA,val
2211.03658::p0,2211.03658,cs.MA,train
1911.05907::p78,1911.05907,cs.MA,test
2111.14310::p6,2111.14310,cs.MA,train
2112.01078::p30,2112.01078,cs.MA,train
2207.09300::p14,2207.09300,cs.MA,train
2211.13746::p60,2211.13746,cs.MA,test
2203.10603::p1,2203.10603,cs.MA,train
2210.11055::p1,2210.11055,cs.MA,train
2110.06396::p6,2110.06396,cs.MA,train
2206.12718::p19,2206.12718,cs.MA,train
2206.09549::p30,2206.09549,cs.MA,val
2106.05188::p46,2106.05188,cs.MA,train
1706.02092::p56,1706.02092,cs.MA,train
2202.09489::p93,2202.09489,cs.MA,val
2204.07932::p2,2204.07932,cs.MA,train
2112.09099::p252,2112.09099,cs.MA,train
2206.14614::p20,2206.14614,cs.MA,test
2206.07642::p61,2206.07642,cs.MA,val
2003.06906::p1,2003.06906,cs.MA,train
2208.05071::p0,2208.05071,cs.MA,train
2205.13718::p36,2205.13718,cs.MA,train
2204.12064::p11,2204.12064,cs.MA,val
1708.00194::p104,1708.00194,cs.MA,val
2103.08067::p35,2103.08067,cs.MA,train
2104.08759::p48,2104.08759,cs.MA,train
2111.14310::p3,2111.14310,cs.MA,train
2012.04861::p2,2012.04861,cs.MA,val
2203.04052::p3,2203.04052,cs.MA,train
2206.11824::p48,2206.11824,cs.MA,test
1911.05908::p40,1911.05908,cs.MA,train
2104.08759::p4,2104.08759,cs.MA,train
2012.11258::p6,2012.11258,cs.MA,test
2105.10605::p71,2105.10605,cs.MA,test
2211.01480::p14,2211.01480,cs.MA,val
2206.13844::p3,2206.13844,cs.MA,train
2210.04365::p20,2210.04365,cs.MA,val
2205.14400::p2,2205.14400,cs.MA,train
2205.06678::p13,2205.06678,cs.MA,val
2105.08187::p11,2105.08187,cs.MA,train
2205.05034::p8,2205.05034,cs.MA,train
2208.01682::p31,2208.01682,cs.MA,train
2211.01480::p6,2211.01480,cs.MA,val
2212.04122::p2,2212.04122,cs.MA,train
2104.06940::p1,2104.06940,cs.MA,train
2202.10450::p24,2202.10450,cs.MA,train
1909.09397::p61,1909.09397,cs.MA,train
1706.08501::p6,1706.08501,cs.MA,train
2210.06955::p39,2210.06955,cs.MA,train
2211.13746::p63,2211.13746,cs.MA,test
2209.14128::p25,2209.14128,cs.MA,train
2012.04107::p59,2012.04107,cs.MA,test
2204.04910::p53,2204.04910,cs.MA,train
2012.11047::p0,2012.11047,cs.MA,train
2201.01099::p14,2201.01099,cs.MA,test
2111.08882::p72,2111.08882,cs.MA,train
1705.06130::p0,1705.06130,cs.MA,test
2208.05071::p8,2208.05071,cs.MA,train
2101.11548::p23,2101.11548,cs.MA,val
2012.11047::p8,2012.11047,cs.MA,train
2210.11344::p26,2210.11344,cs.MA,train
1805.05631::p4,1805.05631,cs.MA,train
2208.12149::p2,2208.12149,cs.MA,train
1708.00194::p92,1708.00194,cs.MA,val
2208.04563::p12,2208.04563,cs.MA,train
2206.09889::p42,2206.09889,cs.MA,train
2205.01616::p24,2205.01616,cs.MA,train
2210.03060::p32,2210.03060,cs.MA,val
2102.13351::p5,2102.13351,cs.MA,test
2204.13070::p1,2204.13070,cs.MA,train
2011.08055::p30,2011.08055,cs.MA,train
2211.10802::p62,2211.10802,cs.MA,train
2210.03073::p6,2210.03073,cs.MA,test
1207.0405::p38,1207.0405,cs.MA,train
2103.14078::p308,2103.14078,cs.MA,train
1807.05826::p76,1807.05826,cs.MA,train
2204.12064::p7,2204.12064,cs.MA,val
2111.14177::p5,2111.14177,cs.MA,train
1911.05908::p33,1911.05908,cs.MA,train
2001.02906::p64,2001.02906,cs.MA,test
2206.07099::p35,2206.07099,cs.MA,test
1807.05826::p74,1807.05826,cs.MA,train
2210.03073::p10,2210.03073,cs.MA,test
2011.08055::p7,2011.08055,cs.MA,train
1811.09414::p1,1811.09414,cs.MA,train
2202.07741::p10,2202.07741,cs.MA,train
2210.09646::p28,2210.09646,cs.MA,train
2107.06866::p4,2107.06866,cs.MA,val
2203.09565::p44,2203.09565,cs.MA,train
2109.08288::p12,2109.08288,cs.MA,val
1605.04360::p15,1605.04360,cs.MA,train
2211.17077::p0,2211.17077,cs.MA,val
1601.08116::p28,1601.08116,cs.MA,train
2012.04861::p18,2012.04861,cs.MA,val
2209.09473::p170,2209.09473,cs.MA,train
2011.14386::p4,2011.14386,cs.IR,val
1904.11228::p1,1904.11228,cs.IR,test
2009.09392::p1,2009.09392,cs.IR,train
1111.1497::p52,1111.1497,cs.IR,val
2012.03433::p42,2012.03433,cs.IR,train
1810.11498::p7,1810.11498,cs.IR,test
1707.07700::p19,1707.07700,cs.IR,val
2003.03734::p16,2003.03734,cs.IR,val
1901.11372::p7,1901.11372,cs.IR,train
2011.13436::p30,2011.13436,cs.IR,train
2012.08952::p13,2012.08952,cs.IR,train
1909.06722::p57,1909.06722,cs.IR,test
2008.09061::p17,2008.09061,cs.IR,train
1905.07471::p1,1905.07471,cs.IR,val
1907.05171::p1,1907.05171,cs.IR,val
1508.04066::p1,1508.04066,cs.IR,train
2002.07993::p0,2002.07993,cs.IR,train
2007.09703::p14,2007.09703,cs.IR,train
1706.02361::p26,1706.02361,cs.IR,train
2010.06985::p32,2010.06985,cs.IR,val
1905.07471::p8,1905.07471,cs.IR,val
2010.10783::p31,2010.10783,cs.IR,train
1910.03040::p5,1910.03040,cs.IR,train
1902.08009::p10,1902.08009,cs.IR,train
1907.00178::p11,1907.00178,cs.IR,train
1909.05965::p1,1909.05965,cs.IR,val
1510.04501::p5,1510.04501,cs.IR,train
1910.08646::p7,1910.08646,cs.IR,train
1907.05171::p31,1907.05171,cs.IR,val
2004.06747::p23,2004.06747,cs.IR,train
1804.09943::p7,1804.09943,cs.IR,val
2012.08575::p1,2012.08575,cs.IR,test
1801.02687::p9,1801.02687,cs.IR,train
1904.11171::p52,1904.11171,cs.IR,train
1707.04678::p5,1707.04678,cs.IR,train
1810.04502::p25,1810.04502,cs.IR,train
1706.00218::p14,1706.00218,cs.IR,train
2008.02372::p13,2008.02372,cs.IR,train
1902.09191::p6,1902.09191,cs.IR,train
1706.00218::p18,1706.00218,cs.IR,train
2004.06747::p10,2004.06747,cs.IR,train
2012.06274::p38,2012.06274,cs.IR,val
2012.06274::p97,2012.06274,cs.IR,val
1807.02162::p43,1807.02162,cs.IR,val
2012.00387::p8,2012.00387,cs.IR,val
2001.10382::p80,2001.10382,cs.IR,train
2011.14618::p10,2011.14618,cs.IR,test
2012.00743::p7,2012.00743,cs.IR,train
1708.06520::p26,1708.06520,cs.IR,val
2002.07993::p9,2002.07993,cs.IR,train
1503.07387::p0,1503.07387,cs.IR,train
2008.04579::p3,2008.04579,cs.IR,val
1907.05171::p12,1907.05171,cs.IR,val
1906.08092::p30,1906.08092,cs.IR,train
1902.02580::p7,1902.02580,cs.IR,test
1804.05995::p41,1804.05995,cs.IR,train
2012.06209::p3,2012.06209,cs.IR,train
1705.08154::p8,1705.08154,cs.IR,train
1904.11886::p14,1904.11886,cs.IR,train
2009.01311::p13,2009.01311,cs.IR,train
2012.04558::p1,2012.04558,cs.IR,test
1908.08284::p10,1908.08284,cs.IR,train
1603.01987::p2,1603.01987,cs.IR,train
1902.04843::p44,1902.04843,cs.IR,val
2012.08575::p2,2012.08575,cs.IR,test
1911.01565::p0,1911.01565,cs.IR,test
1601.03541::p10,1601.03541,cs.IR,train
2012.08952::p46,2012.08952,cs.IR,train
1710.00398::p1,1710.00398,cs.IR,train
2010.16313::p35,2010.16313,cs.IR,train
1803.02179::p12,1803.02179,cs.IR,test
1902.04484::p11,1902.04484,cs.IR,val
2008.07226::p21,2008.07226,cs.IR,val
1908.04042::p16,1908.04042,cs.IR,test
1907.00178::p0,1907.00178,cs.IR,train
2011.14386::p1,2011.14386,cs.IR,val
1707.04678::p2,1707.04678,cs.IR,train
1809.02277::p6,1809.02277,cs.IR,test
2004.06651::p41,2004.06651,cs.IR,train
1708.07289::p30,1708.07289,cs.IR,train
1601.07273::p27,1601.07273,cs.IR,val
1909.06722::p59,1909.06722,cs.IR,test
2008.01191::p29,2008.01191,cs.IR,test
1906.08092::p50,1906.08092,cs.IR,train
1005.4752::p48,1005.4752,cs.IR,train
1908.06887::p33,1908.06887,cs.IR,train
1701.04934::p24,1701.04934,cs.IR,train
1902.04484::p21,1902.04484,cs.IR,val
2010.10252::p1,2010.10252,cs.IR,train
1703.03861::p10,1703.03861,cs.IR,val
1908.04042::p36,1908.04042,cs.IR,test
1705.08154::p11,1705.08154,cs.IR,train
1508.04066::p0,1508.04066,cs.IR,train
1709.09836::p11,1709.09836,cs.IR,test
1302.4916::p2,1302.4916,cs.IR,test
1111.1497::p35,1111.1497,cs.IR,val
2011.14618::p4,2011.14618,cs.IR,test
2007.10296::p13,2007.10296,cs.IR,test
2007.07269::p31,2007.07269,cs.IR,train
2005.11223::p2,2005.11223,cs.IR,train
1909.09551::p19,1909.09551,cs.IR,val
1707.04678::p38,1707.04678,cs.IR,train
1909.09551::p14,1909.09551,cs.IR,val
2009.09392::p10,2009.09392,cs.IR,train
1810.04502::p12,1810.04502,cs.IR,train
1103.2903::p0,1103.2903,cs.IR,train
1803.02179::p7,1803.02179,cs.IR,test
2004.06651::p1,2004.06651,cs.IR,train
1902.09191::p0,1902.09191,cs.IR,train
1909.09551::p29,1909.09551,cs.IR,val
2001.10382::p13,2001.10382,cs.IR,train
2011.12683::p23,2011.12683,cs.IR,test
2012.03433::p3,2012.03433,cs.IR,train
0911.1112::p7,0911.1112,cs.IR,train
1908.11146::p26,1908.11146,cs.IR,train
1808.10351::p14,1808.10351,cs.IR,val
1901.11372::p2,1901.11372,cs.IR,train
1911.00964::p58,1911.00964,cs.IR,val
1704.08803::p12,1704.08803,cs.IR,train
2011.08431::p18,2011.08431,cs.IR,train
1609.03176::p2,1609.03176,cs.IR,train
2002.07993::p10,2002.07993,cs.IR,train
2012.04979::p2,2012.04979,cs.IR,train
2008.06908::p37,2008.06908,cs.IR,train
1402.2073::p13,1402.2073,cs.IR,train
1808.07025::p3,1808.07025,cs.IR,train
2001.08961::p22,2001.08961,cs.IR,train
2008.01191::p49,2008.01191,cs.IR,test
2012.06968::p53,2012.06968,cs.IR,test
1601.03541::p14,1601.03541,cs.IR,train
1005.4752::p42,1005.4752,cs.IR,train
1908.01868::p10,1908.01868,cs.IR,train
2006.11632::p35,2006.11632,cs.IR,test
1904.03889::p28,1904.03889,cs.IR,train
2006.13816::p13,2006.13816,cs.IR,val
2008.02974::p2,2008.02974,cs.IR,train
2011.13436::p1,2011.13436,cs.IR,train
2011.14618::p1,2011.14618,cs.IR,test
2012.06209::p18,2012.06209,cs.IR,train
1601.03541::p18,1601.03541,cs.IR,train
2001.04425::p16,2001.04425,cs.IR,train
2003.03736::p7,2003.03736,cs.IR,train
2007.09703::p2,2007.09703,cs.IR,train
1907.01183::p13,1907.01183,cs.IR,train
2010.12370::p14,2010.12370,cs.IR,val
1909.06722::p6,1909.06722,cs.IR,test
1810.11498::p1,1810.11498,cs.IR,test
2006.13816::p14,2006.13816,cs.IR,val
1809.07256::p12,1809.07256,cs.IR,test
2008.02197::p2,2008.02197,cs.IR,train
2008.07680::p8,2008.07680,cs.IR,train
1809.07256::p2,1809.07256,cs.IR,test
1902.04484::p19,1902.04484,cs.IR,val
2010.16313::p32,2010.16313,cs.IR,train
1902.02580::p1,1902.02580,cs.IR,test
1904.03889::p6,1904.03889,cs.IR,train
1609.08843::p10,1609.08843,cs.IR,val
2012.08575::p8,2012.08575,cs.IR,test
1703.02314::p0,1703.02314,cs.IR,val
1909.05965::p3,1909.05965,cs.IR,val
2002.10782::p32,2002.10782,cs.IR,test
2001.02214::p69,2001.02214,cs.IR,train
1609.03176::p0,1609.03176,cs.IR,train
2007.07987::p2,2007.07987,cs.IR,train
1904.11228::p56,1904.11228,cs.IR,test
2008.07680::p25,2008.07680,cs.IR,train
2011.06829::p14,2011.06829,cs.IR,test
1908.01868::p3,1908.01868,cs.IR,train
2010.06328::p9,2010.06328,cs.IR,train
2012.00485::p38,2012.00485,cs.IR,test
1209.3126::p1,1209.3126,cs.IR,train
1707.04678::p9,1707.04678,cs.IR,train
1911.00964::p48,1911.00964,cs.IR,val
2008.01191::p62,2008.01191,cs.IR,test
1804.09943::p21,1804.09943,cs.IR,val
1210.3312::p4,1210.3312,cs.IR,test
1809.03203::p10,1809.03203,cs.IR,train
1209.3126::p8,1209.3126,cs.IR,train
2012.05009::p32,2012.05009,cs.IR,val
1706.02361::p34,1706.02361,cs.IR,train
2010.12370::p36,2010.12370,cs.IR,val
2010.05025::p15,2010.05025,cs.IR,test
1805.03067::p7,1805.03067,cs.IR,train
1907.00178::p14,1907.00178,cs.IR,train
1909.09551::p2,1909.09551,cs.IR,val
2005.11223::p14,2005.11223,cs.IR,train
2010.12256::p32,2010.12256,cs.IR,train
1902.09191::p41,1902.09191,cs.IR,train
2008.04579::p13,2008.04579,cs.IR,val
2005.10898::p14,2005.10898,cs.IR,train
2012.00485::p1,2012.00485,cs.IR,test
1708.06520::p53,1708.06520,cs.IR,val
2010.16313::p3,2010.16313,cs.IR,train
1805.11878::p11,1805.11878,cs.IR,test
1912.05891::p62,1912.05891,cs.IR,test
2010.05025::p7,2010.05025,cs.IR,test
2006.13816::p11,2006.13816,cs.IR,val
1911.11062::p8,1911.11062,cs.IR,train
2001.04348::p7,2001.04348,cs.IR,test
2008.09061::p0,2008.09061,cs.IR,train
1902.02580::p0,1902.02580,cs.IR,test
1912.01901::p55,1912.01901,cs.IR,train
2012.08952::p17,2012.08952,cs.IR,train
2001.04425::p19,2001.04425,cs.IR,train
1908.06887::p32,1908.06887,cs.IR,train
2003.03734::p9,2003.03734,cs.IR,val
2008.02974::p64,2008.02974,cs.IR,train
2008.02197::p1,2008.02197,cs.IR,train
2001.08961::p2,2001.08961,cs.IR,train
1912.05891::p47,1912.05891,cs.IR,test
1912.01901::p60,1912.01901,cs.IR,train
2005.14576::p25,2005.14576,cs.IR,val
1912.03048::p13,1912.03048,cs.IR,train
1502.03190::p2,1502.03190,cs.IR,train
2011.07636::p4,2011.07636,cs.IR,train
2007.09703::p17,2007.09703,cs.IR,train
1904.11228::p55,1904.11228,cs.IR,test
2002.07993::p33,2002.07993,cs.IR,train
2008.02372::p12,2008.02372,cs.IR,train
1510.04501::p29,1510.04501,cs.IR,train
1909.05965::p54,1909.05965,cs.IR,val
2008.06908::p18,2008.06908,cs.IR,train
2010.12256::p9,2010.12256,cs.IR,train
2008.07680::p0,2008.07680,cs.IR,train
1908.06887::p22,1908.06887,cs.IR,train
1711.04101::p77,1711.04101,cs.IR,val
1603.05572::p60,1603.05572,cs.IR,train
1811.00845::p29,1811.00845,cs.IR,test
1904.11171::p8,1904.11171,cs.IR,train
2011.08431::p99,2011.08431,cs.IR,train
2005.10898::p18,2005.10898,cs.IR,train
1808.10351::p10,1808.10351,cs.IR,val
1701.04934::p20,1701.04934,cs.IR,train
2011.06829::p4,2011.06829,cs.IR,test
1706.00218::p1,1706.00218,cs.IR,train
0911.1112::p102,0911.1112,cs.IR,train
1912.05891::p65,1912.05891,cs.IR,test
2010.10783::p23,2010.10783,cs.IR,train
1912.03048::p23,1912.03048,cs.IR,train
2004.06747::p38,2004.06747,cs.IR,train
2009.09392::p3,2009.09392,cs.IR,train
2011.07636::p0,2011.07636,cs.IR,train
2012.04979::p9,2012.04979,cs.IR,train
1610.07328::p40,1610.07328,cs.IR,train
1907.08501::p7,1907.08501,cs.IR,test
1801.02687::p19,1801.02687,cs.IR,train
1907.09781::p18,1907.09781,cs.IR,val
1204.3731::p18,1204.3731,cs.IR,train
1707.07700::p2,1707.07700,cs.IR,val
2012.05009::p15,2012.05009,cs.IR,val
1103.2903::p5,1103.2903,cs.IR,train
1910.00352::p8,1910.00352,cs.IR,train
2003.03734::p31,2003.03734,cs.IR,val
2007.04833::p52,2007.04833,cs.IR,test
2010.16313::p7,2010.16313,cs.IR,train
1911.02248::p0,1911.02248,cs.IR,train
1302.4916::p0,1302.4916,cs.IR,test
1910.06213::p37,1910.06213,cs.IR,train
2007.02620::p5,2007.02620,cs.IR,train
2008.06176::p1,2008.06176,cs.IR,train
2001.10382::p92,2001.10382,cs.IR,train
1807.02162::p0,1807.02162,cs.IR,val
1811.09835::p83,1811.09835,cs.IR,train
1907.04614::p2,1907.04614,cs.IR,test
2010.10252::p9,2010.10252,cs.IR,train
1901.11372::p5,1901.11372,cs.IR,train
1711.04434::p25,1711.04434,cs.IR,val
1907.04614::p3,1907.04614,cs.IR,test
1204.3731::p1,1204.3731,cs.IR,train
1706.00218::p23,1706.00218,cs.IR,train
1701.04931::p19,1701.04931,cs.IR,val
2010.12370::p2,2010.12370,cs.IR,val
1904.08770::p1,1904.08770,cs.IR,train
2008.02197::p5,2008.02197,cs.IR,train
1210.3312::p3,1210.3312,cs.IR,test
2004.06842::p5,2004.06842,cs.IR,train
2004.03621::p9,2004.03621,cs.IR,train
1210.3312::p0,1210.3312,cs.IR,test
0807.0023::p1,0807.0023,cs.IR,train
2008.09061::p3,2008.09061,cs.IR,train
1711.04434::p35,1711.04434,cs.IR,val
2004.06651::p12,2004.06651,cs.IR,train
2012.04558::p30,2012.04558,cs.IR,test
1804.09943::p19,1804.09943,cs.IR,val
1703.02314::p7,1703.02314,cs.IR,val
2012.04558::p0,2012.04558,cs.IR,test
2003.03736::p0,2003.03736,cs.IR,train
2011.12683::p103,2011.12683,cs.IR,test
2004.06747::p36,2004.06747,cs.IR,train
2008.02974::p76,2008.02974,cs.IR,train
2005.14576::p73,2005.14576,cs.IR,val
1908.04042::p5,1908.04042,cs.IR,test
2012.00743::p8,2012.00743,cs.IR,train
2012.08777::p16,2012.08777,cs.IR,train
2007.10296::p71,2007.10296,cs.IR,test
1402.2073::p5,1402.2073,cs.IR,train
1911.02248::p13,1911.02248,cs.IR,train
1808.07025::p8,1808.07025,cs.IR,train
2012.06274::p35,2012.06274,cs.IR,val
1902.02580::p3,1902.02580,cs.IR,test
1111.1497::p59,1111.1497,cs.IR,val
1603.03014::p5,1603.03014,cs.IR,test
1807.02162::p37,1807.02162,cs.IR,val
1609.03176::p5,1609.03176,cs.IR,train
1904.11171::p45,1904.11171,cs.IR,train
1704.08803::p8,1704.08803,cs.IR,train
1805.03067::p9,1805.03067,cs.IR,train
1911.01565::p21,1911.01565,cs.IR,test
1911.01565::p26,1911.01565,cs.IR,test
1902.04843::p0,1902.04843,cs.IR,val
1910.03040::p11,1910.03040,cs.IR,train
1703.03861::p11,1703.03861,cs.IR,val
1004.5370::p3,1004.5370,cs.IR,train
2012.03433::p49,2012.03433,cs.IR,train
2008.04579::p0,2008.04579,cs.IR,val
2012.06209::p2,2012.06209,cs.IR,train
1705.08154::p13,1705.08154,cs.IR,train
2004.11759::p10,2004.11759,cs.IR,train
1305.0540::p100,1305.0540,cs.IR,val
2012.00743::p5,2012.00743,cs.IR,train
2004.03621::p7,2004.03621,cs.IR,train
1908.04042::p3,1908.04042,cs.IR,test
1603.01987::p60,1603.01987,cs.IR,train
1907.08501::p16,1907.08501,cs.IR,test
2011.06829::p13,2011.06829,cs.IR,test
1804.04760::p72,1804.04760,cs.IR,train
1401.6399::p6,1401.6399,cs.IR,train
2008.07226::p1,2008.07226,cs.IR,val
1907.09781::p13,1907.09781,cs.IR,val
2006.11632::p7,2006.11632,cs.IR,test
1402.2073::p12,1402.2073,cs.IR,train
2004.07609::p8,2004.07609,cs.IR,train
2004.06842::p30,2004.06842,cs.IR,train
2008.01191::p61,2008.01191,cs.IR,test
2008.09061::p11,2008.09061,cs.IR,train
1901.11372::p6,1901.11372,cs.IR,train
2007.02620::p15,2007.02620,cs.IR,train
1703.02314::p11,1703.02314,cs.IR,val
1707.07700::p0,1707.07700,cs.IR,val
1910.08881::p2,1910.08881,cs.IR,train
1502.05131::p0,1502.05131,cs.IR,test
1811.00845::p26,1811.00845,cs.IR,test
2010.06328::p7,2010.06328,cs.IR,train
1808.10351::p9,1808.10351,cs.IR,val
1701.04931::p0,1701.04931,cs.IR,val
2011.08431::p38,2011.08431,cs.IR,train
1912.01901::p62,1912.01901,cs.IR,train
1912.01901::p59,1912.01901,cs.IR,train
2004.07609::p17,2004.07609,cs.IR,train
1503.07387::p16,1503.07387,cs.IR,train
1906.08092::p52,1906.08092,cs.IR,train
2012.06209::p10,2012.06209,cs.IR,train
1907.01183::p12,1907.01183,cs.IR,train
1910.06213::p33,1910.06213,cs.IR,train
2011.12683::p10,2011.12683,cs.IR,test
1809.02277::p36,1809.02277,cs.IR,test
1910.08646::p24,1910.08646,cs.IR,train
1905.07471::p9,1905.07471,cs.IR,val
1401.6399::p0,1401.6399,cs.IR,train
1209.3126::p5,1209.3126,cs.IR,train
1708.07289::p32,1708.07289,cs.IR,train
1805.11878::p7,1805.11878,cs.IR,test
1004.5370::p50,1004.5370,cs.IR,train
1402.2073::p24,1402.2073,cs.IR,train
2002.10782::p46,2002.10782,cs.IR,test
1005.4752::p53,1005.4752,cs.IR,train
1502.03190::p23,1502.03190,cs.IR,train
1909.05965::p31,1909.05965,cs.IR,val
1705.08154::p5,1705.08154,cs.IR,train
2007.04833::p55,2007.04833,cs.IR,test
1912.03048::p24,1912.03048,cs.IR,train
1904.08770::p16,1904.08770,cs.IR,train
1907.04614::p13,1907.04614,cs.IR,test
2001.08961::p7,2001.08961,cs.IR,train
1904.11886::p11,1904.11886,cs.IR,train
2012.05009::p65,2012.05009,cs.IR,val
1811.09835::p116,1811.09835,cs.IR,train
1904.03889::p10,1904.03889,cs.IR,train
1004.5370::p55,1004.5370,cs.IR,train
1911.11064::p0,1911.11064,cs.IR,val
2012.05009::p11,2012.05009,cs.IR,val
2003.03736::p1,2003.03736,cs.IR,train
2004.06842::p4,2004.06842,cs.IR,train
1910.06213::p19,1910.06213,cs.IR,train
1803.02179::p0,1803.02179,cs.IR,test
1602.02332::p34,1602.02332,cs.IR,train
1904.11886::p2,1904.11886,cs.IR,train
1910.03040::p1,1910.03040,cs.IR,train
1803.02179::p4,1803.02179,cs.IR,test
1305.0540::p12,1305.0540,cs.IR,val
2012.04979::p19,2012.04979,cs.IR,train
1809.07256::p54,1809.07256,cs.IR,test
1905.07471::p11,1905.07471,cs.IR,val
2008.06176::p0,2008.06176,cs.IR,train
1706.02361::p2,1706.02361,cs.IR,train
1910.08646::p8,1910.08646,cs.IR,train
2004.02340::p1,2004.02340,cs.IR,train
2012.08575::p4,2012.08575,cs.IR,test
1707.07700::p7,1707.07700,cs.IR,val
1810.04502::p0,1810.04502,cs.IR,train
2005.14576::p3,2005.14576,cs.IR,val
1103.2903::p4,1103.2903,cs.IR,train
2007.07269::p76,2007.07269,cs.IR,train
2009.09392::p8,2009.09392,cs.IR,train
1809.02277::p4,1809.02277,cs.IR,test
2004.02340::p0,2004.02340,cs.IR,train
2011.12683::p38,2011.12683,cs.IR,test
2010.10252::p31,2010.10252,cs.IR,train
2003.03734::p22,2003.03734,cs.IR,val
1912.11564::p26,1912.11564,cs.IR,val
1804.05995::p24,1804.05995,cs.IR,train
1503.07387::p3,1503.07387,cs.IR,train
2004.11759::p38,2004.11759,cs.IR,train
1808.07025::p5,1808.07025,cs.IR,train
1804.04760::p71,1804.04760,cs.IR,train
2011.00422::p67,2011.00422,cs.IR,train
2010.06328::p0,2010.06328,cs.IR,train
1811.09835::p7,1811.09835,cs.IR,train
1907.05171::p23,1907.05171,cs.IR,val
2011.13436::p3,2011.13436,cs.IR,train
2012.04979::p3,2012.04979,cs.IR,train
2008.02372::p19,2008.02372,cs.IR,train
2002.10782::p9,2002.10782,cs.IR,test
1603.05572::p6,1603.05572,cs.IR,train
2012.00387::p9,2012.00387,cs.IR,val
1610.07328::p27,1610.07328,cs.IR,train
1601.02904::p16,1601.02904,cs.IR,test
1508.04066::p35,1508.04066,cs.IR,train
1708.07289::p2,1708.07289,cs.IR,train
1908.00977::p1,1908.00977,cs.IR,train
2007.07269::p8,2007.07269,cs.IR,train
2004.03621::p10,2004.03621,cs.IR,train
1907.00178::p21,1907.00178,cs.IR,train
1701.04931::p6,1701.04931,cs.IR,val
2008.06176::p4,2008.06176,cs.IR,train
2004.06651::p3,2004.06651,cs.IR,train
2012.08952::p15,2012.08952,cs.IR,train
2008.02197::p17,2008.02197,cs.IR,train
1902.09191::p49,1902.09191,cs.IR,train
1907.09781::p12,1907.09781,cs.IR,val
1704.01213::p8,1704.01213,cs.IR,train
2005.10898::p15,2005.10898,cs.IR,train
2004.02340::p26,2004.02340,cs.IR,train
2012.06968::p1,2012.06968,cs.IR,test
2001.08961::p6,2001.08961,cs.IR,train
1911.11062::p4,1911.11062,cs.IR,train
1412.7610::p31,1412.7610,cs.IR,train
1701.04934::p0,1701.04934,cs.IR,train
2007.02620::p8,2007.02620,cs.IR,train
2004.07609::p7,2004.07609,cs.IR,train
1609.08843::p3,1609.08843,cs.IR,val
2012.00056::p42,2012.00056,cs.IR,train
2008.06908::p30,2008.06908,cs.IR,train
2010.12256::p1,2010.12256,cs.IR,train
2009.01311::p4,2009.01311,cs.IR,train
1904.11228::p9,1904.11228,cs.IR,test
1610.07328::p10,1610.07328,cs.IR,train
1810.04502::p8,1810.04502,cs.IR,train
2012.00387::p32,2012.00387,cs.IR,val
1904.11171::p10,1904.11171,cs.IR,train
1811.00845::p4,1811.00845,cs.IR,test
2012.04681::p0,2012.04681,cs.IR,train
1601.02904::p12,1601.02904,cs.IR,test
2010.10783::p40,2010.10783,cs.IR,train
2008.02372::p4,2008.02372,cs.IR,train
1508.04066::p2,1508.04066,cs.IR,train
1904.11207::p54,1904.11207,cs.IR,train
1711.04101::p29,1711.04101,cs.IR,val
1412.7610::p2,1412.7610,cs.IR,train
2012.08777::p78,2012.08777,cs.IR,train
2012.08777::p3,2012.08777,cs.IR,train
2007.07987::p14,2007.07987,cs.IR,train
1907.04614::p11,1907.04614,cs.IR,test
2011.13436::p0,2011.13436,cs.IR,train
1603.05572::p40,1603.05572,cs.IR,train
2010.12370::p39,2010.12370,cs.IR,val
1902.04484::p44,1902.04484,cs.IR,val
2007.07987::p27,2007.07987,cs.IR,train
2012.06968::p18,2012.06968,cs.IR,test
1004.5370::p20,1004.5370,cs.IR,train
1908.00977::p3,1908.00977,cs.IR,train
2007.04833::p103,2007.04833,cs.IR,test
1911.01565::p1,1911.01565,cs.IR,test
1711.04434::p2,1711.04434,cs.IR,val
2003.03736::p16,2003.03736,cs.IR,train
1609.08843::p40,1609.08843,cs.IR,val
1502.03190::p17,1502.03190,cs.IR,train
1909.06722::p73,1909.06722,cs.IR,test
1708.07289::p11,1708.07289,cs.IR,train
0807.0023::p5,0807.0023,cs.IR,train
1510.04501::p48,1510.04501,cs.IR,train
2007.10296::p21,2007.10296,cs.IR,test
1809.03901::p17,1809.03901,cs.IR,test
2007.07987::p38,2007.07987,cs.IR,train
1502.05131::p66,1502.05131,cs.IR,test
1907.08501::p9,1907.08501,cs.IR,test
1004.4489::p14,1004.4489,cs.IR,train
2002.10181::p136,2002.10181,cs.IR,val
1708.06520::p0,1708.06520,cs.IR,val
1802.10078::p35,1802.10078,cs.IR,test
1903.09102::p17,1903.09102,cs.RO,test
2009.14509::p17,2009.14509,cs.RO,train
1809.05020::p2,1809.05020,cs.RO,test
2007.02204::p9,2007.02204,cs.RO,train
1907.09775::p0,1907.09775,cs.RO,train
1911.00175::p15,1911.00175,cs.RO,val
2011.06217::p5,2011.06217,cs.RO,train
1903.03227::p8,1903.03227,cs.RO,train
1811.10753::p24,1811.10753,cs.RO,train
2004.12886::p71,2004.12886,cs.RO,train
1906.08381::p0,1906.08381,cs.RO,test
2011.05632::p6,2011.05632,cs.RO,train
1712.04965::p57,1712.04965,cs.RO,train
1806.11402::p20,1806.11402,cs.RO,val
1912.04078::p23,1912.04078,cs.RO,train
1709.05479::p16,1709.05479,cs.RO,val
1810.02890::p26,1810.02890,cs.RO,train
1703.03821::p3,1703.03821,cs.RO,train
2001.10220::p9,2001.10220,cs.RO,val
1706.09911::p47,1706.09911,cs.RO,val
2007.02204::p13,2007.02204,cs.RO,train
2011.06717::p3,2011.06717,cs.RO,test
2008.11867::p48,2008.11867,cs.RO,train
2003.00467::p10,2003.00467,cs.RO,train
1603.01564::p6,1603.01564,cs.RO,test
2010.04570::p18,2010.04570,cs.RO,test
1812.10968::p25,1812.10968,cs.RO,train
1809.06413::p42,1809.06413,cs.RO,test
1906.08381::p1,1906.08381,cs.RO,test
2010.07708::p17,2010.07708,cs.RO,train
1905.07434::p29,1905.07434,cs.RO,train
2006.04989::p0,2006.04989,cs.RO,train
1912.04078::p54,1912.04078,cs.RO,train
1905.06712::p23,1905.06712,cs.RO,train
1609.05253::p12,1609.05253,cs.RO,val
2011.06235::p3,2011.06235,cs.RO,val
2011.05632::p73,2011.05632,cs.RO,train
2011.07112::p8,2011.07112,cs.RO,test
2011.05437::p36,2011.05437,cs.RO,train
1906.08380::p8,1906.08380,cs.RO,train
1712.04978::p21,1712.04978,cs.RO,val
1905.05138::p33,1905.05138,cs.RO,train
2008.13661::p3,2008.13661,cs.RO,train
2003.08854::p4,2003.08854,cs.RO,train
2011.05319::p42,2011.05319,cs.RO,train
1909.07887::p1,1909.07887,cs.RO,val
2007.14632::p3,2007.14632,cs.RO,train
2011.04848::p16,2011.04848,cs.RO,test
1909.07876::p11,1909.07876,cs.RO,val
1907.05127::p2,1907.05127,cs.RO,test
1906.07207::p1,1906.07207,cs.RO,train
1905.12096::p6,1905.12096,cs.RO,test
2011.06118::p14,2011.06118,cs.RO,val
2011.07171::p40,2011.07171,cs.RO,train
2011.06399::p5,2011.06399,cs.RO,train
1706.00508::p0,1706.00508,cs.RO,train
1811.08352::p8,1811.08352,cs.RO,train
1903.03227::p9,1903.03227,cs.RO,train
2009.14509::p52,2009.14509,cs.RO,train
1811.06966::p1,1811.06966,cs.RO,val
1905.05138::p2,1905.05138,cs.RO,train
1801.10214::p12,1801.10214,cs.RO,train
2006.04989::p85,2006.04989,cs.RO,train
1510.08233::p24,1510.08233,cs.RO,val
1807.09205::p28,1807.09205,cs.RO,val
1602.06652::p240,1602.06652,cs.RO,train
1307.1870::p0,1307.1870,cs.RO,test
2003.00924::p6,2003.00924,cs.RO,train
1706.09911::p11,1706.09911,cs.RO,val
2005.13229::p12,2005.13229,cs.RO,train
1810.03113::p4,1810.03113,cs.RO,test
1705.05464::p9,1705.05464,cs.RO,train
2006.11071::p3,2006.11071,cs.RO,train
1805.07256::p6,1805.07256,cs.RO,test
1910.02440::p1,1910.02440,cs.RO,test
1909.06585::p0,1909.06585,cs.RO,test
1909.06533::p21,1909.06533,cs.RO,train
1509.02154::p41,1509.02154,cs.RO,val
1911.12470::p10,1911.12470,cs.RO,train
2008.07157::p0,2008.07157,cs.RO,val
1909.06533::p2,1909.06533,cs.RO,train
2011.04796::p16,2011.04796,cs.RO,val
1907.08088::p3,1907.08088,cs.RO,test
1805.07703::p42,1805.07703,cs.RO,train
1810.03113::p31,1810.03113,cs.RO,test
2008.07157::p2,2008.07157,cs.RO,val
2011.07171::p36,2011.07171,cs.RO,train
2002.04498::p12,2002.04498,cs.RO,train
2010.04652::p8,2010.04652,cs.RO,test
1903.09102::p0,1903.09102,cs.RO,test
1910.10628::p37,1910.10628,cs.RO,test
2009.14156::p2,2009.14156,cs.RO,train
2002.04498::p21,2002.04498,cs.RO,train
1812.10968::p9,1812.10968,cs.RO,train
1908.07101::p15,1908.07101,cs.RO,train
2009.08140::p17,2009.08140,cs.RO,val
1902.03290::p4,1902.03290,cs.RO,train
2009.08140::p13,2009.08140,cs.RO,val
1804.08679::p34,1804.08679,cs.RO,test
2006.04938::p444,2006.04938,cs.RO,train
1809.04226::p5,1809.04226,cs.RO,train
1108.4448::p0,1108.4448,cs.RO,train
1909.06749::p16,1909.06749,cs.RO,train
1809.10811::p12,1809.10811,cs.RO,train
1909.07887::p7,1909.07887,cs.RO,val
2002.04498::p9,2002.04498,cs.RO,train
1909.06749::p5,1909.06749,cs.RO,train
1810.11541::p44,1810.11541,cs.RO,val
1907.07469::p28,1907.07469,cs.RO,val
1805.00881::p185,1805.00881,cs.RO,train
1903.03227::p40,1903.03227,cs.RO,train
2002.09093::p3,2002.09093,cs.RO,train
1901.05939::p5,1901.05939,cs.RO,train
2011.05437::p37,2011.05437,cs.RO,train
2011.06217::p1,2011.06217,cs.RO,train
1811.03921::p30,1811.03921,cs.RO,val
1905.04762::p0,1905.04762,cs.RO,val
2010.10695::p10,2010.10695,cs.RO,train
1809.08627::p4,1809.08627,cs.RO,test
2005.13229::p20,2005.13229,cs.RO,train
1902.09193::p21,1902.09193,cs.RO,train
1907.08088::p7,1907.08088,cs.RO,test
1909.04787::p6,1909.04787,cs.RO,val
1905.07434::p10,1905.07434,cs.RO,train
1609.05253::p14,1609.05253,cs.RO,val
2011.06089::p0,2011.06089,cs.RO,test
2009.10019::p11,2009.10019,cs.RO,train
2001.01004::p33,2001.01004,cs.RO,train
1811.06187::p10,1811.06187,cs.RO,train
2003.12841::p7,2003.12841,cs.RO,train
2001.07973::p23,2001.07973,cs.RO,train
2010.10695::p42,2010.10695,cs.RO,train
1908.07101::p12,1908.07101,cs.RO,train
2008.00528::p3,2008.00528,cs.RO,train
1908.03364::p1,1908.03364,cs.RO,train
1809.07497::p49,1809.07497,cs.RO,test
1907.00506::p82,1907.00506,cs.RO,test
1905.04762::p1,1905.04762,cs.RO,val
1907.07469::p1,1907.07469,cs.RO,val
2009.14509::p11,2009.14509,cs.RO,train
2010.08202::p6,2010.08202,cs.RO,train
2001.07973::p1,2001.07973,cs.RO,train
2011.06217::p3,2011.06217,cs.RO,train
2011.06227::p8,2011.06227,cs.RO,val
1810.03345::p3,1810.03345,cs.RO,train
2004.12886::p3,2004.12886,cs.RO,train
1904.02994::p2,1904.02994,cs.RO,train
1805.00777::p0,1805.00777,cs.RO,train
1812.04767::p13,1812.04767,cs.RO,train
1909.07876::p18,1909.07876,cs.RO,val
2011.05632::p48,2011.05632,cs.RO,train
1909.10159::p6,1909.10159,cs.RO,val
2007.16162::p0,2007.16162,cs.RO,train
2009.08876::p5,2009.08876,cs.RO,train
1911.00175::p34,1911.00175,cs.RO,val
1710.00491::p61,1710.00491,cs.RO,train
1909.04787::p5,1909.04787,cs.RO,val
1811.03921::p0,1811.03921,cs.RO,val
2003.00924::p29,2003.00924,cs.RO,train
1307.1870::p5,1307.1870,cs.RO,test
2010.04702::p4,2010.04702,cs.RO,train
2002.04521::p91,2002.04521,cs.RO,val
1510.08233::p36,1510.08233,cs.RO,val
2009.08140::p18,2009.08140,cs.RO,val
1902.08705::p11,1902.08705,cs.RO,train
2011.06118::p57,2011.06118,cs.RO,val
1902.03290::p18,1902.03290,cs.RO,train
1809.06413::p44,1809.06413,cs.RO,test
1812.09852::p5,1812.09852,cs.RO,test
1903.03227::p2,1903.03227,cs.RO,train
2003.00924::p13,2003.00924,cs.RO,train
1812.09636::p32,1812.09636,cs.RO,train
2011.06227::p1,2011.06227,cs.RO,val
2010.04702::p5,2010.04702,cs.RO,train
2002.03306::p46,2002.03306,cs.RO,test
1903.02090::p0,1903.02090,cs.RO,train
2011.06286::p2,2011.06286,cs.RO,train
2011.06235::p1,2011.06235,cs.RO,val
1810.11541::p0,1810.11541,cs.RO,val
2011.04515::p0,2011.04515,cs.RO,train
1909.06585::p21,1909.06585,cs.RO,test
1907.09775::p7,1907.09775,cs.RO,train
1605.03689::p14,1605.03689,cs.RO,test
1706.03416::p12,1706.03416,cs.RO,train
1509.02154::p11,1509.02154,cs.RO,val
2005.02878::p43,2005.02878,cs.RO,train
1812.09852::p9,1812.09852,cs.RO,test
2008.13661::p2,2008.13661,cs.RO,train
1605.03689::p12,1605.03689,cs.RO,test
1706.05209::p39,1706.05209,cs.RO,val
2011.05437::p2,2011.05437,cs.RO,train
2003.11334::p7,2003.11334,cs.RO,train
1809.06413::p40,1809.06413,cs.RO,test
2002.09093::p7,2002.09093,cs.RO,train
1806.05157::p4,1806.05157,cs.RO,val
1801.05132::p7,1801.05132,cs.RO,test
2007.14632::p15,2007.14632,cs.RO,train
2010.07708::p24,2010.07708,cs.RO,train
1909.02993::p2,1909.02993,cs.RO,train
2010.06274::p1,2010.06274,cs.RO,train
1706.09911::p2,1706.09911,cs.RO,val
2009.14156::p4,2009.14156,cs.RO,train
1806.00196::p2,1806.00196,cs.RO,train
1907.05127::p11,1907.05127,cs.RO,test
1910.10628::p14,1910.10628,cs.RO,test
2001.07678::p0,2001.07678,cs.RO,test
2010.02293::p9,2010.02293,cs.RO,val
1807.09205::p10,1807.09205,cs.RO,val
1805.07703::p13,1805.07703,cs.RO,train
2002.09093::p8,2002.09093,cs.RO,train
1706.05209::p13,1706.05209,cs.RO,val
1811.10758::p12,1811.10758,cs.RO,train
1907.08874::p55,1907.08874,cs.RO,train
1703.03821::p8,1703.03821,cs.RO,train
2006.09023::p79,2006.09023,cs.RO,train
1911.07992::p73,1911.07992,cs.RO,train
2003.11334::p11,2003.11334,cs.RO,train
1904.09621::p8,1904.09621,cs.RO,train
2010.06274::p3,2010.06274,cs.RO,train
2004.12281::p15,2004.12281,cs.RO,train
1902.05338::p4,1902.05338,cs.RO,test
1807.08243::p42,1807.08243,cs.RO,train
1804.08679::p6,1804.08679,cs.RO,test
1812.09636::p12,1812.09636,cs.RO,train
1903.05697::p33,1903.05697,cs.RO,train
2005.02878::p10,2005.02878,cs.RO,train
1802.06839::p0,1802.06839,cs.RO,train
1904.09621::p1,1904.09621,cs.RO,train
1909.12324::p4,1909.12324,cs.RO,test
2011.06227::p2,2011.06227,cs.RO,val
1706.05209::p130,1706.05209,cs.RO,val
1903.05697::p19,1903.05697,cs.RO,train
2011.04796::p17,2011.04796,cs.RO,val
1509.02417::p8,1509.02417,cs.RO,train
1809.04226::p16,1809.04226,cs.RO,train
1911.07992::p26,1911.07992,cs.RO,train
1802.06839::p40,1802.06839,cs.RO,train
2007.08750::p7,2007.08750,cs.RO,train
2010.15350::p0,2010.15350,cs.RO,train
2003.00924::p4,2003.00924,cs.RO,train
2009.08876::p46,2009.08876,cs.RO,train
2003.12841::p40,2003.12841,cs.RO,train
1605.03689::p27,1605.03689,cs.RO,test
2003.05970::p21,2003.05970,cs.RO,train
1902.01026::p1,1902.01026,cs.RO,train
2010.15350::p4,2010.15350,cs.RO,train
2001.07973::p5,2001.07973,cs.RO,train
1903.02090::p7,1903.02090,cs.RO,train
2002.03306::p82,2002.03306,cs.RO,test
2010.04570::p1,2010.04570,cs.RO,test
1706.00508::p10,1706.00508,cs.RO,train
1809.07497::p41,1809.07497,cs.RO,test
2009.14156::p0,2009.14156,cs.RO,train
1811.03921::p22,1811.03921,cs.RO,val
2007.08750::p20,2007.08750,cs.RO,train
1710.00491::p60,1710.00491,cs.RO,train
2010.10695::p31,2010.10695,cs.RO,train
1311.1839::p53,1311.1839,cs.RO,val
1108.4448::p3,1108.4448,cs.RO,train
1809.05020::p38,1809.05020,cs.RO,test
2008.00528::p8,2008.00528,cs.RO,train
1907.00506::p83,1907.00506,cs.RO,test
1807.04040::p4,1807.04040,cs.RO,test
1909.04787::p12,1909.04787,cs.RO,val
2011.06717::p13,2011.06717,cs.RO,test
1805.00881::p137,1805.00881,cs.RO,train
2010.08202::p5,2010.08202,cs.RO,train
2005.14656::p14,2005.14656,cs.RO,train
2001.01004::p24,2001.01004,cs.RO,train
1807.03556::p8,1807.03556,cs.RO,test
1908.03364::p22,1908.03364,cs.RO,train
1810.02890::p21,1810.02890,cs.RO,train
2003.01427::p0,2003.01427,cs.RO,test
1806.11402::p9,1806.11402,cs.RO,val
2010.08202::p1,2010.08202,cs.RO,train
1709.05401::p26,1709.05401,cs.RO,val
1710.00491::p51,1710.00491,cs.RO,train
1810.11541::p2,1810.11541,cs.RO,val
2011.06717::p1,2011.06717,cs.RO,test
1907.08874::p41,1907.08874,cs.RO,train
1709.05401::p8,1709.05401,cs.RO,val
2010.08052::p29,2010.08052,cs.RO,val
2006.00028::p47,2006.00028,cs.RO,train
1810.03113::p25,1810.03113,cs.RO,test
2001.07973::p2,2001.07973,cs.RO,train
1709.05479::p17,1709.05479,cs.RO,val
2008.07157::p1,2008.07157,cs.RO,val
1811.06187::p45,1811.06187,cs.RO,train
1307.1870::p3,1307.1870,cs.RO,test
1807.04040::p10,1807.04040,cs.RO,test
1803.03478::p0,1803.03478,cs.RO,train
1906.11564::p5,1906.11564,cs.RO,train
1809.08627::p3,1809.08627,cs.RO,test
1909.06533::p10,1909.06533,cs.RO,train
2011.06227::p6,2011.06227,cs.RO,val
1902.08705::p7,1902.08705,cs.RO,train
1905.06712::p7,1905.06712,cs.RO,train
1904.00378::p5,1904.00378,cs.RO,train
1710.02748::p46,1710.02748,cs.RO,train
1909.12324::p11,1909.12324,cs.RO,test
1508.03000::p6,1508.03000,cs.RO,test
1710.00491::p36,1710.00491,cs.RO,train
1910.02440::p24,1910.02440,cs.RO,test
1603.01564::p24,1603.01564,cs.RO,test
2011.06286::p25,2011.06286,cs.RO,train
1809.10811::p17,1809.10811,cs.RO,train
1902.05338::p30,1902.05338,cs.RO,test
2003.04956::p19,2003.04956,cs.RO,train
1902.03290::p3,1902.03290,cs.RO,train
1712.04965::p5,1712.04965,cs.RO,train
2003.11334::p9,2003.11334,cs.RO,train
2011.06286::p29,2011.06286,cs.RO,train
2010.11505::p10,2010.11505,cs.RO,test
1508.03000::p1,1508.03000,cs.RO,test
1807.08243::p41,1807.08243,cs.RO,train
1801.03552::p34,1801.03552,cs.RO,train
2008.11867::p47,2008.11867,cs.RO,train
1809.04226::p21,1809.04226,cs.RO,train
2003.00467::p20,2003.00467,cs.RO,train
2003.05970::p4,2003.05970,cs.RO,train
1805.00881::p216,1805.00881,cs.RO,train
2011.04796::p20,2011.04796,cs.RO,val
2010.02293::p2,2010.02293,cs.RO,val
2003.10167::p11,2003.10167,cs.RO,val
2005.14656::p93,2005.14656,cs.RO,train
1801.03552::p1,1801.03552,cs.RO,train
2005.13229::p9,2005.13229,cs.RO,train
2011.05319::p6,2011.05319,cs.RO,train
1908.07101::p18,1908.07101,cs.RO,train
2011.05632::p13,2011.05632,cs.RO,train
1908.03364::p0,1908.03364,cs.RO,train
1905.12096::p2,1905.12096,cs.RO,test
1811.03921::p38,1811.03921,cs.RO,val
2006.04989::p17,2006.04989,cs.RO,train
1603.01564::p18,1603.01564,cs.RO,test
1610.01481::p51,1610.01481,cs.RO,val
1805.00777::p1,1805.00777,cs.RO,train
1811.06966::p2,1811.06966,cs.RO,val
1909.12324::p2,1909.12324,cs.RO,test
1907.08388::p4,1907.08388,cs.RO,val
2003.04956::p9,2003.04956,cs.RO,train
1709.05479::p9,1709.05479,cs.RO,val
2003.10167::p3,2003.10167,cs.RO,val
1811.06966::p31,1811.06966,cs.RO,val
1812.09852::p2,1812.09852,cs.RO,test
1809.02399::p13,1809.02399,cs.RO,train
1809.08627::p2,1809.08627,cs.RO,test
1912.04063::p4,1912.04063,cs.RO,train
2003.04956::p39,2003.04956,cs.RO,train
2002.09093::p6,2002.09093,cs.RO,train
2011.06717::p0,2011.06717,cs.RO,test
2010.04652::p13,2010.04652,cs.RO,test
2006.09023::p82,2006.09023,cs.RO,train
1811.10033::p1,1811.10033,cs.RO,train
2011.06022::p0,2011.06022,cs.RO,test
1902.05338::p72,1902.05338,cs.RO,test
2006.00028::p19,2006.00028,cs.RO,train
2011.04848::p43,2011.04848,cs.RO,test
1510.08233::p1,1510.08233,cs.RO,val
2010.07708::p29,2010.07708,cs.RO,train
1902.09193::p0,1902.09193,cs.RO,train
1906.11564::p0,1906.11564,cs.RO,train
2011.04828::p9,2011.04828,cs.RO,train
2010.11505::p9,2010.11505,cs.RO,test
1905.04762::p23,1905.04762,cs.RO,val
2011.04828::p8,2011.04828,cs.RO,train
1905.05138::p1,1905.05138,cs.RO,train
1911.07992::p51,1911.07992,cs.RO,train
1712.04965::p36,1712.04965,cs.RO,train
2008.13661::p24,2008.13661,cs.RO,train
1907.05127::p15,1907.05127,cs.RO,test
1805.00881::p20,1805.00881,cs.RO,train
1909.07876::p23,1909.07876,cs.RO,val
1805.00777::p3,1805.00777,cs.RO,train
1807.08243::p0,1807.08243,cs.RO,train
1810.03113::p18,1810.03113,cs.RO,test
1905.12096::p1,1905.12096,cs.RO,test
1108.4448::p1,1108.4448,cs.RO,train
2011.04515::p5,2011.04515,cs.RO,train
2007.09243::p1,2007.09243,cs.RO,train
1811.06895::p27,1811.06895,cs.RO,train
1805.07256::p8,1805.07256,cs.RO,test
2001.01004::p19,2001.01004,cs.RO,train
1812.04767::p18,1812.04767,cs.RO,train
1907.05127::p43,1907.05127,cs.RO,test
1706.03416::p11,1706.03416,cs.RO,train
2009.10019::p45,2009.10019,cs.RO,train
2003.08854::p21,2003.08854,cs.RO,train
1811.06895::p30,1811.06895,cs.RO,train
1802.06839::p3,1802.06839,cs.RO,train
1906.07207::p22,1906.07207,cs.RO,train
1909.07887::p48,1909.07887,cs.RO,val
1903.06677::p0,1903.06677,cs.RO,train
2010.04652::p19,2010.04652,cs.RO,test
1807.03556::p46,1807.03556,cs.RO,test
1801.05132::p8,1801.05132,cs.RO,test
1803.03478::p5,1803.03478,cs.RO,train
2011.04282::p2,2011.04282,cs.RO,train
2011.07171::p1,2011.07171,cs.RO,train
2011.04848::p17,2011.04848,cs.RO,test
1908.07101::p21,1908.07101,cs.RO,train
1902.09193::p53,1902.09193,cs.RO,train
2009.03705::p2,2009.03705,cs.RO,val
1712.04978::p1,1712.04978,cs.RO,val
1907.08388::p5,1907.08388,cs.RO,val
1806.11402::p6,1806.11402,cs.RO,val
2009.08876::p0,2009.08876,cs.RO,train
1705.05464::p0,1705.05464,cs.RO,train
1911.12470::p12,1911.12470,cs.RO,train
1909.10159::p13,1909.10159,cs.RO,val
2010.07708::p10,2010.07708,cs.RO,train
2001.04061::p1,2001.04061,cs.RO,val
1605.03689::p37,1605.03689,cs.RO,test
1906.08381::p3,1906.08381,cs.RO,test
1710.02748::p4,1710.02748,cs.RO,train
1906.08380::p31,1906.08380,cs.RO,train
2009.10019::p5,2009.10019,cs.RO,train
1909.12324::p1,1909.12324,cs.RO,test
2011.05437::p0,2011.05437,cs.RO,train
1902.05338::p1,1902.05338,cs.RO,test
1812.04767::p21,1812.04767,cs.RO,train
2006.11071::p46,2006.11071,cs.RO,train
1904.02994::p0,1904.02994,cs.RO,train
1811.06966::p29,1811.06966,cs.RO,val
2004.12886::p83,2004.12886,cs.RO,train
1808.05164::p4,1808.05164,cs.RO,train
1812.10968::p26,1812.10968,cs.RO,train
2010.04702::p0,2010.04702,cs.RO,train
1706.05209::p28,1706.05209,cs.RO,val
2010.09948::p3,2010.09948,cs.RO,test
1812.04767::p15,1812.04767,cs.RO,train
2010.10695::p1,2010.10695,cs.RO,train
1805.07703::p14,1805.07703,cs.RO,train
2005.13229::p10,2005.13229,cs.RO,train
1909.06585::p44,1909.06585,cs.RO,test
2007.09243::p6,2007.09243,cs.RO,train
2011.04515::p1,2011.04515,cs.RO,train
2010.08202::p8,2010.08202,cs.RO,train
2004.12886::p0,2004.12886,cs.RO,train
1712.04965::p16,1712.04965,cs.RO,train
1906.11564::p21,1906.11564,cs.RO,train
1709.05479::p2,1709.05479,cs.RO,val
1811.05836::p1,1811.05836,cs.RO,train
1805.07703::p27,1805.07703,cs.RO,train
1909.06585::p39,1909.06585,cs.RO,test
2002.03306::p25,2002.03306,cs.RO,test
2009.03705::p7,2009.03705,cs.RO,val
1805.00777::p2,1805.00777,cs.RO,train
2009.03705::p1,2009.03705,cs.RO,val
1811.06187::p24,1811.06187,cs.RO,train
1907.08874::p54,1907.08874,cs.RO,train
1901.05939::p4,1901.05939,cs.RO,train
2002.04521::p11,2002.04521,cs.RO,val
1906.11564::p1,1906.11564,cs.RO,train
2006.09023::p3,2006.09023,cs.RO,train
2001.07678::p18,2001.07678,cs.RO,test
1909.02993::p19,1909.02993,cs.RO,train
2003.00467::p30,2003.00467,cs.RO,train
1808.05120::p26,1808.05120,cs.RO,train
2003.08854::p37,2003.08854,cs.RO,train
2003.10167::p18,2003.10167,cs.RO,val
1812.09636::p57,1812.09636,cs.RO,train
1806.05157::p9,1806.05157,cs.RO,val
2007.16162::p7,2007.16162,cs.RO,train
1909.07876::p49,1909.07876,cs.RO,val
2003.05970::p7,2003.05970,cs.RO,train
1909.10159::p3,1909.10159,cs.RO,val
1510.08233::p2,1510.08233,cs.RO,val
2004.12281::p1,2004.12281,cs.RO,train
1902.09193::p9,1902.09193,cs.RO,train
1903.05697::p0,1903.05697,cs.RO,train
1904.00378::p35,1904.00378,cs.RO,train
2010.06274::p4,2010.06274,cs.RO,train
1809.10811::p28,1809.10811,cs.RO,train
1811.05836::p6,1811.05836,cs.RO,train
1907.08088::p1,1907.08088,cs.RO,test
2011.05180::p5,2011.05180,cs.RO,train
1509.02417::p10,1509.02417,cs.RO,train
2003.10167::p1,2003.10167,cs.RO,val
1801.05132::p33,1801.05132,cs.RO,test
2003.00467::p52,2003.00467,cs.RO,train
1811.08352::p7,1811.08352,cs.RO,train
2002.04498::p28,2002.04498,cs.RO,train
1903.05697::p35,1903.05697,cs.RO,train
1910.10628::p4,1910.10628,cs.RO,test
2007.13486::p5,2007.13486,cs.RO,val
2007.08750::p27,2007.08750,cs.RO,train
2009.08876::p25,2009.08876,cs.RO,train
2007.09243::p7,2007.09243,cs.RO,train
1609.05253::p2,1609.05253,cs.RO,val
2010.04652::p12,2010.04652,cs.RO,test
1809.06413::p24,1809.06413,cs.RO,test
2005.14656::p11,2005.14656,cs.RO,train
1907.09775::p1,1907.09775,cs.RO,train
1803.03478::p12,1803.03478,cs.RO,train
1806.00196::p1,1806.00196,cs.RO,train
1811.06187::p8,1811.06187,cs.RO,train
2001.10220::p17,2001.10220,cs.RO,val
2010.04702::p3,2010.04702,cs.RO,train
2011.02404::p38,2011.02404,cs.RO,val
2012.00886::p5,2012.00886,cs.NE,train
1701.04465::p10,1701.04465,cs.NE,train
2106.14487::p10,2106.14487,cs.NE,test
2007.02210::p20,2007.02210,cs.NE,val
1910.01982::p14,1910.01982,cs.NE,train
1903.09085::p1,1903.09085,cs.NE,train
1903.12272::p2,1903.12272,cs.NE,val
2012.00886::p4,2012.00886,cs.NE,train
2011.09821::p0,2011.09821,cs.NE,train
2108.13621::p74,2108.13621,cs.NE,test
2105.13108::p34,2105.13108,cs.NE,val
2106.05686::p21,2106.05686,cs.NE,train
2111.04113::p38,2111.04113,cs.NE,test
2009.08698::p44,2009.08698,cs.NE,val
2109.12786::p13,2109.12786,cs.NE,train
2011.06811::p35,2011.06811,cs.NE,train
2107.11979::p5,2107.11979,cs.NE,val
2009.00581::p12,2009.00581,cs.NE,val
1509.05982::p20,1509.05982,cs.NE,train
2109.13208::p47,2109.13208,cs.NE,train
2009.00581::p11,2009.00581,cs.NE,val
2109.08057::p5,2109.08057,cs.NE,train
1906.05616::p25,1906.05616,cs.NE,val
2103.16897::p9,2103.16897,cs.NE,test
1706.02766::p7,1706.02766,cs.NE,train
2108.12227::p15,2108.12227,cs.NE,train
2108.04328::p1,2108.04328,cs.NE,val
2004.06632::p0,2004.06632,cs.NE,train
1612.07771::p39,1612.07771,cs.NE,train
1802.00180::p1,1802.00180,cs.NE,train
2004.11137::p14,2004.11137,cs.NE,train
2007.05352::p31,2007.05352,cs.NE,train
2101.07001::p1,2101.07001,cs.NE,test
1912.13002::p9,1912.13002,cs.NE,val
1804.04187::p2,1804.04187,cs.NE,train
2105.13095::p4,2105.13095,cs.NE,train
2103.11746::p57,2103.11746,cs.NE,train
1701.04465::p4,1701.04465,cs.NE,train
2004.06632::p37,2004.06632,cs.NE,train
2005.03090::p9,2005.03090,cs.NE,train
1803.10314::p2,1803.10314,cs.NE,test
1910.01982::p17,1910.01982,cs.NE,train
2103.10394::p113,2103.10394,cs.NE,train
2109.12786::p9,2109.12786,cs.NE,train
2104.08239::p8,2104.08239,cs.NE,val
2108.01804::p39,2108.01804,cs.NE,test
2011.10520::p28,2011.10520,cs.NE,val
2003.04389::p19,2003.04389,cs.NE,train
1903.03523::p7,1903.03523,cs.NE,test
2103.16897::p1,2103.16897,cs.NE,test
2107.09760::p25,2107.09760,cs.NE,train
1502.00130::p12,1502.00130,cs.NE,val
2010.06209::p2,2010.06209,cs.NE,train
1904.02050::p76,1904.02050,cs.NE,train
2106.09104::p18,2106.09104,cs.NE,train
2108.01804::p50,2108.01804,cs.NE,test
2106.02681::p49,2106.02681,cs.NE,test
2004.11137::p5,2004.11137,cs.NE,train
2106.07172::p12,2106.07172,cs.NE,train
2103.07117::p7,2103.07117,cs.NE,val
2002.06766::p11,2002.06766,cs.NE,train
2107.06861::p13,2107.06861,cs.NE,train
2101.07592::p4,2101.07592,cs.NE,train
2110.03171::p16,2110.03171,cs.NE,train
1308.5033::p2,1308.5033,cs.NE,test
2002.08867::p14,2002.08867,cs.NE,train
2101.09709::p1,2101.09709,cs.NE,train
2107.06870::p63,2107.06870,cs.NE,val
2103.05707::p23,2103.05707,cs.NE,val
2106.15392::p7,2106.15392,cs.NE,train
2105.01795::p22,2105.01795,cs.NE,test
2009.08698::p18,2009.08698,cs.NE,val
2107.06870::p16,2107.06870,cs.NE,val
2104.08239::p25,2104.08239,cs.NE,val
2106.14773::p24,2106.14773,cs.NE,test
2109.08234::p0,2109.08234,cs.NE,train
2105.04252::p12,2105.04252,cs.NE,train
1912.13002::p0,1912.13002,cs.NE,val
1105.3538::p101,1105.3538,cs.NE,train
1809.09563::p2,1809.09563,cs.NE,test
2010.14611::p6,2010.14611,cs.NE,val
2104.15137::p28,2104.15137,cs.NE,train
1906.10852::p50,1906.10852,cs.NE,val
1107.4470::p78,1107.4470,cs.NE,val
1312.5355::p11,1312.5355,cs.NE,val
2105.03687::p4,2105.03687,cs.NE,train
2106.02568::p9,2106.02568,cs.NE,train
2102.08288::p2,2102.08288,cs.NE,val
2009.12672::p1,2009.12672,cs.NE,test
2106.14487::p11,2106.14487,cs.NE,test
1906.08557::p2,1906.08557,cs.NE,train
2103.11746::p6,2103.11746,cs.NE,train
2110.08122::p61,2110.08122,cs.NE,test
2006.06777::p0,2006.06777,cs.NE,train
2102.11275::p9,2102.11275,cs.NE,train
2008.04224::p90,2008.04224,cs.NE,train
2109.04386::p12,2109.04386,cs.NE,val
2108.12444::p20,2108.12444,cs.NE,train
2105.03687::p3,2105.03687,cs.NE,train
1107.4470::p90,1107.4470,cs.NE,val
1710.03414::p45,1710.03414,cs.NE,test
1908.06886::p60,1908.06886,cs.NE,test
2104.08239::p6,2104.08239,cs.NE,val
1802.00180::p61,1802.00180,cs.NE,train
2101.05457::p0,2101.05457,cs.NE,val
2107.06861::p80,2107.06861,cs.NE,train
1910.13038::p6,1910.13038,cs.NE,train
2110.02288::p59,2110.02288,cs.NE,test
1312.5355::p16,1312.5355,cs.NE,val
1308.5033::p9,1308.5033,cs.NE,test
1809.09563::p9,1809.09563,cs.NE,test
1905.08723::p2,1905.08723,cs.NE,test
2105.02038::p49,2105.02038,cs.NE,val
2012.09229::p47,2012.09229,cs.NE,test
2106.09104::p17,2106.09104,cs.NE,train
1611.03321::p0,1611.03321,cs.NE,test
1902.03011::p19,1902.03011,cs.NE,train
1904.09090::p49,1904.09090,cs.NE,val
1909.05233::p4,1909.05233,cs.NE,val
2011.09964::p6,2011.09964,cs.NE,test
1612.07771::p53,1612.07771,cs.NE,train
1903.00568::p38,1903.00568,cs.NE,test
2108.12227::p32,2108.12227,cs.NE,train
2010.09309::p74,2010.09309,cs.NE,train
1603.07893::p3,1603.07893,cs.NE,train
1509.05982::p0,1509.05982,cs.NE,train
1807.01013::p34,1807.01013,cs.NE,train
1904.10932::p26,1904.10932,cs.NE,train
1704.07622::p22,1704.07622,cs.NE,train
2011.09821::p13,2011.09821,cs.NE,train
2102.01011::p0,2102.01011,cs.NE,train
2109.08057::p1,2109.08057,cs.NE,train
1906.11667::p1,1906.11667,cs.NE,train
1906.11667::p35,1906.11667,cs.NE,train
1904.02050::p0,1904.02050,cs.NE,train
2105.02038::p30,2105.02038,cs.NE,val
2010.14611::p38,2010.14611,cs.NE,val
2103.12593::p2,2103.12593,cs.NE,train
2110.05929::p6,2110.05929,cs.NE,val
2104.14594::p21,2104.14594,cs.NE,train
2009.09298::p1,2009.09298,cs.NE,train
1707.07961::p13,1707.07961,cs.NE,test
2105.01795::p36,2105.01795,cs.NE,test
2009.12745::p0,2009.12745,cs.NE,test
2009.12672::p5,2009.12672,cs.NE,test
2007.05125::p5,2007.05125,cs.NE,train
2007.05352::p1,2007.05352,cs.NE,train
2107.07968::p173,2107.07968,cs.NE,val
2106.15392::p41,2106.15392,cs.NE,train
2106.11151::p23,2106.11151,cs.NE,val
1706.08700::p45,1706.08700,cs.NE,train
1809.09563::p11,1809.09563,cs.NE,test
2103.16882::p9,2103.16882,cs.NE,train
2003.08165::p27,2003.08165,cs.NE,train
2105.13108::p37,2105.13108,cs.NE,val
1912.05831::p26,1912.05831,cs.NE,train
1302.4519::p26,1302.4519,cs.NE,test
2007.05125::p9,2007.05125,cs.NE,train
1910.13038::p31,1910.13038,cs.NE,train
2011.13965::p1,2011.13965,cs.NE,val
1806.00299::p11,1806.00299,cs.NE,train
1707.07961::p32,1707.07961,cs.NE,test
1904.02050::p9,1904.02050,cs.NE,train
1906.10852::p28,1906.10852,cs.NE,val
2101.05652::p3,2101.05652,cs.NE,train
2104.08564::p8,2104.08564,cs.NE,train
2109.13208::p1,2109.13208,cs.NE,train
2110.01818::p5,2110.01818,cs.NE,train
2110.05929::p13,2110.05929,cs.NE,val
2106.05686::p18,2106.05686,cs.NE,train
2105.02038::p7,2105.02038,cs.NE,val
1603.07893::p4,1603.07893,cs.NE,train
2105.04252::p6,2105.04252,cs.NE,train
2106.02568::p14,2106.02568,cs.NE,train
2107.12374::p14,2107.12374,cs.NE,train
1412.2186::p4,1412.2186,cs.NE,train
2110.08122::p9,2110.08122,cs.NE,test
1511.01088::p1,1511.01088,cs.NE,test
2012.01830::p54,2012.01830,cs.NE,test
2106.02568::p12,2106.02568,cs.NE,train
2109.08057::p6,2109.08057,cs.NE,train
2103.12593::p9,2103.12593,cs.NE,train
0803.3838::p2,0803.3838,cs.NE,train
1906.11667::p9,1906.11667,cs.NE,train
2104.15137::p16,2104.15137,cs.NE,train
1903.03523::p28,1903.03523,cs.NE,test
2105.06109::p32,2105.06109,cs.NE,train
1909.05233::p16,1909.05233,cs.NE,val
1706.08700::p10,1706.08700,cs.NE,train
2012.06400::p4,2012.06400,cs.NE,train
1806.00299::p0,1806.00299,cs.NE,train
2108.04197::p1,2108.04197,cs.NE,train
2109.14392::p11,2109.14392,cs.NE,test
2107.06872::p43,2107.06872,cs.NE,val
2010.14611::p17,2010.14611,cs.NE,val
1712.08702::p2,1712.08702,cs.NE,train
2109.13208::p40,2109.13208,cs.NE,train
2109.05259::p87,2109.05259,cs.NE,train
1312.5355::p28,1312.5355,cs.NE,val
2107.11979::p2,2107.11979,cs.NE,val
2004.10042::p1,2004.10042,cs.NE,train
2101.02913::p0,2101.02913,cs.NE,train
2109.13208::p35,2109.13208,cs.NE,train
2009.12745::p10,2009.12745,cs.NE,test
1908.06886::p1,1908.06886,cs.NE,test
2106.15240::p62,2106.15240,cs.NE,train
1810.09084::p44,1810.09084,cs.NE,test
2002.08867::p51,2002.08867,cs.NE,train
2104.05241::p0,2104.05241,cs.NE,test
2010.09309::p23,2010.09309,cs.NE,train
2103.16882::p7,2103.16882,cs.NE,train
2012.00886::p7,2012.00886,cs.NE,train
2103.07117::p36,2103.07117,cs.NE,val
2107.07266::p5,2107.07266,cs.NE,test
2106.11151::p78,2106.11151,cs.NE,val
2107.11746::p65,2107.11746,cs.NE,train
1707.00666::p31,1707.00666,cs.NE,train
2105.14383::p31,2105.14383,cs.NE,train
2105.13095::p1,2105.13095,cs.NE,train
2002.08867::p56,2002.08867,cs.NE,train
2105.10335::p0,2105.10335,cs.NE,test
2010.09309::p32,2010.09309,cs.NE,train
1707.00666::p24,1707.00666,cs.NE,train
2003.04389::p2,2003.04389,cs.NE,train
2009.12672::p0,2009.12672,cs.NE,test
2102.01011::p9,2102.01011,cs.NE,train
1909.05233::p40,1909.05233,cs.NE,val
2007.02210::p3,2007.02210,cs.NE,val
2105.13095::p7,2105.13095,cs.NE,train
2108.13621::p2,2108.13621,cs.NE,test
2012.05738::p2,2012.05738,cs.NE,train
2105.14677::p36,2105.14677,cs.NE,train
2105.10335::p3,2105.10335,cs.NE,test
2002.06766::p4,2002.06766,cs.NE,train
2107.06872::p45,2107.06872,cs.NE,val
2104.15137::p4,2104.15137,cs.NE,train
2101.05457::p13,2101.05457,cs.NE,val
2105.04252::p4,2105.04252,cs.NE,train
1904.09090::p40,1904.09090,cs.NE,val
2110.00375::p6,2110.00375,cs.NE,train
1702.02676::p54,1702.02676,cs.NE,train
2103.16882::p11,2103.16882,cs.NE,train
2006.06777::p9,2006.06777,cs.NE,train
2010.04773::p16,2010.04773,cs.NE,train
1312.5355::p1,1312.5355,cs.NE,val
2110.08741::p172,2110.08741,cs.NE,val
2003.08165::p12,2003.08165,cs.NE,train
2105.03687::p53,2105.03687,cs.NE,train
2110.08741::p10,2110.08741,cs.NE,val
2002.06766::p2,2002.06766,cs.NE,train
2108.04197::p13,2108.04197,cs.NE,train
1810.09084::p42,1810.09084,cs.NE,test
2010.04524::p22,2010.04524,cs.NE,train
1809.09563::p10,1809.09563,cs.NE,test
2106.02681::p31,2106.02681,cs.NE,test
2103.16897::p0,2103.16897,cs.NE,test
1702.02277::p23,1702.02277,cs.NE,train
2012.05208::p106,2012.05208,cs.NE,test
1903.01893::p10,1903.01893,cs.NE,val
2108.04546::p13,2108.04546,cs.NE,train
1611.03321::p10,1611.03321,cs.NE,test
1702.02676::p52,1702.02676,cs.NE,train
2009.00581::p1,2009.00581,cs.NE,val
2105.06109::p23,2105.06109,cs.NE,train
1712.08702::p159,1712.08702,cs.NE,train
1703.10458::p1,1703.10458,cs.NE,train
2101.05652::p4,2101.05652,cs.NE,train
2007.02210::p0,2007.02210,cs.NE,val
2011.12338::p1,2011.12338,cs.NE,test
1509.05982::p16,1509.05982,cs.NE,train
2002.08867::p35,2002.08867,cs.NE,train
2007.05125::p27,2007.05125,cs.NE,train
2011.06811::p4,2011.06811,cs.NE,train
1903.00568::p49,1903.00568,cs.NE,test
1704.07622::p24,1704.07622,cs.NE,train
2106.04775::p3,2106.04775,cs.NE,val
2110.08122::p20,2110.08122,cs.NE,test
2103.05707::p93,2103.05707,cs.NE,val
2101.05457::p30,2101.05457,cs.NE,val
1710.03414::p40,1710.03414,cs.NE,test
2106.08972::p15,2106.08972,cs.NE,train
2107.11746::p0,2107.11746,cs.NE,train
1910.01982::p0,1910.01982,cs.NE,train
2103.10394::p104,2103.10394,cs.NE,train
2110.05929::p24,2110.05929,cs.NE,val
2012.01830::p14,2012.01830,cs.NE,test
2012.05208::p136,2012.05208,cs.NE,test
2103.07117::p6,2103.07117,cs.NE,val
1806.07073::p0,1806.07073,cs.NE,train
2010.06209::p1,2010.06209,cs.NE,train
2012.01830::p55,2012.01830,cs.NE,test
2012.00886::p16,2012.00886,cs.NE,train
2110.05116::p21,2110.05116,cs.NE,train
1811.07672::p0,1811.07672,cs.NE,train
2007.05125::p16,2007.05125,cs.NE,train
1906.08557::p6,1906.08557,cs.NE,train
2108.02023::p14,2108.02023,cs.NE,val
2012.05738::p33,2012.05738,cs.NE,train
2008.04213::p48,2008.04213,cs.NE,train
2011.12338::p31,2011.12338,cs.NE,test
1905.08723::p20,1905.08723,cs.NE,test
1904.10932::p15,1904.10932,cs.NE,train
2012.08063::p19,2012.08063,cs.NE,train
2008.11642::p81,2008.11642,cs.NE,train
1803.10314::p5,1803.10314,cs.NE,test
1706.02766::p69,1706.02766,cs.NE,train
2106.15392::p43,2106.15392,cs.NE,train
2101.07001::p15,2101.07001,cs.NE,test
1910.13038::p5,1910.13038,cs.NE,train
1812.11610::p145,1812.11610,cs.NE,train
2107.12374::p2,2107.12374,cs.NE,train
2101.05652::p38,2101.05652,cs.NE,train
2108.12227::p6,2108.12227,cs.NE,train
2103.12564::p39,2103.12564,cs.NE,train
2103.07117::p37,2103.07117,cs.NE,val
2012.06453::p0,2012.06453,cs.NE,train
2107.07968::p9,2107.07968,cs.NE,val
1105.3538::p5,1105.3538,cs.NE,train
1807.01013::p22,1807.01013,cs.NE,train
1905.03642::p1,1905.03642,cs.NE,val
2007.05352::p3,2007.05352,cs.NE,train
2108.04197::p17,2108.04197,cs.NE,train
2110.03171::p3,2110.03171,cs.NE,train
2105.10335::p4,2105.10335,cs.NE,test
1702.02277::p29,1702.02277,cs.NE,train
1903.09085::p4,1903.09085,cs.NE,train
2110.02288::p31,2110.02288,cs.NE,test
1905.03642::p13,1905.03642,cs.NE,val
2109.05741::p21,2109.05741,cs.NE,train
2008.11642::p70,2008.11642,cs.NE,train
1704.07622::p19,1704.07622,cs.NE,train
2012.06453::p5,2012.06453,cs.NE,train
2012.08063::p31,2012.08063,cs.NE,train
2003.08165::p66,2003.08165,cs.NE,train
2006.06367::p69,2006.06367,cs.NE,train
2104.08239::p11,2104.08239,cs.NE,val
2104.14909::p21,2104.14909,cs.NE,train
2008.11642::p16,2008.11642,cs.NE,train
2011.10520::p31,2011.10520,cs.NE,val
2106.05686::p8,2106.05686,cs.NE,train
2004.10042::p3,2004.10042,cs.NE,train
2008.04213::p52,2008.04213,cs.NE,train
2104.08564::p0,2104.08564,cs.NE,train
2008.11642::p76,2008.11642,cs.NE,train
2109.04386::p1,2109.04386,cs.NE,val
0803.3838::p6,0803.3838,cs.NE,train
2011.13965::p0,2011.13965,cs.NE,val
2106.15392::p19,2106.15392,cs.NE,train
1708.09251::p10,1708.09251,cs.NE,train
2105.02038::p14,2105.02038,cs.NE,val
2105.06109::p9,2105.06109,cs.NE,train
1704.04095::p1,1704.04095,cs.NE,test
2106.14773::p22,2106.14773,cs.NE,test
2011.05847::p29,2011.05847,cs.NE,train
2011.10520::p11,2011.10520,cs.NE,val
1412.2186::p2,1412.2186,cs.NE,train
2105.04252::p7,2105.04252,cs.NE,train
2101.05457::p4,2101.05457,cs.NE,val
2010.04773::p4,2010.04773,cs.NE,train
1806.07073::p5,1806.07073,cs.NE,train
1704.07622::p6,1704.07622,cs.NE,train
2105.06109::p28,2105.06109,cs.NE,train
2107.01729::p28,2107.01729,cs.NE,train
2008.04213::p40,2008.04213,cs.NE,train
2103.12593::p29,2103.12593,cs.NE,train
2011.05847::p28,2011.05847,cs.NE,train
2011.09821::p37,2011.09821,cs.NE,train
1810.09084::p58,1810.09084,cs.NE,test
1302.4519::p11,1302.4519,cs.NE,test
1706.02766::p1,1706.02766,cs.NE,train
1708.09251::p17,1708.09251,cs.NE,train
2006.06777::p27,2006.06777,cs.NE,train
2108.02023::p62,2108.02023,cs.NE,val
2106.14773::p2,2106.14773,cs.NE,test
1612.07771::p4,1612.07771,cs.NE,train
2106.08972::p85,2106.08972,cs.NE,train
2012.09741::p7,2012.09741,cs.NE,test
2109.05489::p17,2109.05489,cs.NE,train
2003.04389::p13,2003.04389,cs.NE,train
2103.12564::p59,2103.12564,cs.NE,train
2104.14594::p16,2104.14594,cs.NE,train
2105.14677::p24,2105.14677,cs.NE,train
1905.08723::p4,1905.08723,cs.NE,test
2011.06811::p38,2011.06811,cs.NE,train
2103.05707::p9,2103.05707,cs.NE,val
2101.07001::p44,2101.07001,cs.NE,test
1807.01013::p32,1807.01013,cs.NE,train
2012.07225::p15,2012.07225,cs.NE,train
1712.08702::p1,1712.08702,cs.NE,train
2012.09741::p82,2012.09741,cs.NE,test
2108.00706::p17,2108.00706,cs.NE,val
1903.01893::p60,1903.01893,cs.NE,val
1806.00299::p36,1806.00299,cs.NE,train
2106.11151::p53,2106.11151,cs.NE,val
2010.04524::p16,2010.04524,cs.NE,train
2101.02913::p27,2101.02913,cs.NE,train
2009.09298::p26,2009.09298,cs.NE,train
1903.00568::p52,1903.00568,cs.NE,test
2110.02288::p3,2110.02288,cs.NE,test
1906.11667::p14,1906.11667,cs.NE,train
2106.14773::p6,2106.14773,cs.NE,test
2110.02288::p35,2110.02288,cs.NE,test
2106.14487::p14,2106.14487,cs.NE,test
1302.4519::p1,1302.4519,cs.NE,test
2101.09709::p2,2101.09709,cs.NE,train
2012.05208::p77,2012.05208,cs.NE,test
2012.09741::p22,2012.09741,cs.NE,test
2107.11979::p18,2107.11979,cs.NE,val
2107.11979::p16,2107.11979,cs.NE,val
2110.03171::p1,2110.03171,cs.NE,train
1905.03642::p0,1905.03642,cs.NE,val
1806.00300::p19,1806.00300,cs.NE,train
1511.05552::p1,1511.05552,cs.NE,train
1802.00180::p0,1802.00180,cs.NE,train
2106.05686::p17,2106.05686,cs.NE,train
2109.05259::p1,2109.05259,cs.NE,train
2011.06811::p2,2011.06811,cs.NE,train
2101.07001::p0,2101.07001,cs.NE,test
1708.09251::p26,1708.09251,cs.NE,train
2106.08972::p86,2106.08972,cs.NE,train
2012.09229::p33,2012.09229,cs.NE,test
2012.06453::p14,2012.06453,cs.NE,train
1708.09251::p30,1708.09251,cs.NE,train
1503.06866::p103,1503.06866,cs.NE,train
1904.09090::p1,1904.09090,cs.NE,val
1308.5033::p82,1308.5033,cs.NE,test
2007.07346::p48,2007.07346,cs.NE,val
2106.07172::p15,2106.07172,cs.NE,train
2102.08288::p3,2102.08288,cs.NE,val
1804.04187::p3,1804.04187,cs.NE,train
2012.09229::p12,2012.09229,cs.NE,test
1902.03011::p46,1902.03011,cs.NE,train
2106.09104::p0,2106.09104,cs.NE,train
2010.04773::p25,2010.04773,cs.NE,train
2103.10394::p103,2103.10394,cs.NE,train
2107.09760::p21,2107.09760,cs.NE,train
1707.00666::p29,1707.00666,cs.NE,train
2104.11169::p16,2104.11169,cs.NE,train
2110.01818::p3,2110.01818,cs.NE,train
2106.02681::p3,2106.02681,cs.NE,test
2008.04224::p17,2008.04224,cs.NE,train
2110.00375::p27,2110.00375,cs.NE,train
2103.05707::p24,2103.05707,cs.NE,val
1707.00666::p32,1707.00666,cs.NE,train
2107.11746::p52,2107.11746,cs.NE,train
2109.14195::p4,2109.14195,cs.NE,test
2101.02913::p54,2101.02913,cs.NE,train
2004.06632::p64,2004.06632,cs.NE,train
1803.10314::p13,1803.10314,cs.NE,test
1807.01013::p4,1807.01013,cs.NE,train
1802.00180::p4,1802.00180,cs.NE,train
1903.00568::p1,1903.00568,cs.NE,test
2110.01818::p4,2110.01818,cs.NE,train
2102.04159::p3,2102.04159,cs.NE,val
2011.09534::p24,2011.09534,cs.NE,train
2108.00706::p67,2108.00706,cs.NE,val
1903.07138::p50,1903.07138,cs.NE,test
1804.04187::p7,1804.04187,cs.NE,train
2009.08698::p1,2009.08698,cs.NE,val
1710.03414::p17,1710.03414,cs.NE,test
2109.05489::p37,2109.05489,cs.NE,train
2010.14611::p32,2010.14611,cs.NE,val
1105.3538::p170,1105.3538,cs.NE,train
2101.02913::p37,2101.02913,cs.NE,train
2107.06861::p70,2107.06861,cs.NE,train
2010.06209::p6,2010.06209,cs.NE,train
2105.13108::p1,2105.13108,cs.NE,val
2010.06209::p8,2010.06209,cs.NE,train
2003.04389::p72,2003.04389,cs.NE,train
2106.15240::p72,2106.15240,cs.NE,train
2106.02681::p42,2106.02681,cs.NE,test
2003.08165::p49,2003.08165,cs.NE,train
2007.05352::p5,2007.05352,cs.NE,train
2107.12374::p21,2107.12374,cs.NE,train
1903.03523::p2,1903.03523,cs.NE,test
2107.07968::p70,2107.07968,cs.NE,val
2108.04197::p2,2108.04197,cs.NE,train
1904.10932::p16,1904.10932,cs.NE,train
2011.09534::p29,2011.09534,cs.NE,train
1702.02277::p24,1702.02277,cs.NE,train
2108.12444::p42,2108.12444,cs.NE,train
2107.06870::p7,2107.06870,cs.NE,val
2108.02023::p64,2108.02023,cs.NE,val
2012.08063::p5,2012.08063,cs.NE,train
2004.10042::p20,2004.10042,cs.NE,train
2004.11137::p11,2004.11137,cs.NE,train
2103.02076::p50,2103.02076,cs.NE,train
2004.11137::p15,2004.11137,cs.NE,train
1806.07073::p2,1806.07073,cs.NE,train
2012.06400::p11,2012.06400,cs.NE,train
2011.13965::p17,2011.13965,cs.NE,val
2012.07225::p6,2012.07225,cs.NE,train
1905.08723::p6,1905.08723,cs.NE,test
2105.01795::p27,2105.01795,cs.NE,test
2106.07172::p3,2106.07172,cs.NE,train
1906.08557::p7,1906.08557,cs.NE,train
2106.07172::p10,2106.07172,cs.NE,train
2101.09709::p3,2101.09709,cs.NE,train
2110.08741::p41,2110.08741,cs.NE,val
2109.14195::p0,2109.14195,cs.NE,test
1906.03523::p20,1906.03523,cs.AI,train
1902.05632::p25,1902.05632,cs.AI,train
1106.4221::p7,1106.4221,cs.AI,train
1801.01704::p41,1801.01704,cs.AI,train
1705.10742::p32,1705.10742,cs.AI,train
1803.02632::p5,1803.02632,cs.AI,train
2003.11706::p41,2003.11706,cs.AI,val
2001.05390::p93,2001.05390,cs.AI,train
1711.06362::p13,1711.06362,cs.AI,train
1803.09840::p29,1803.09840,cs.AI,train
1811.01409::p11,1811.01409,cs.AI,train
1812.09044::p51,1812.09044,cs.AI,test
1804.10822::p41,1804.10822,cs.AI,test
1107.5474::p63,1107.5474,cs.AI,val
1901.00723::p24,1901.00723,cs.AI,train
1909.09616::p7,1909.09616,cs.AI,train
1904.00296::p15,1904.00296,cs.AI,val
2001.06322::p64,2001.06322,cs.AI,train
1906.03523::p28,1906.03523,cs.AI,train
1804.10822::p4,1804.10822,cs.AI,test
1711.08819::p0,1711.08819,cs.AI,train
1806.08247::p70,1806.08247,cs.AI,val
1402.4525::p15,1402.4525,cs.AI,train
1907.05390::p3,1907.05390,cs.AI,val
1908.09800::p20,1908.09800,cs.AI,train
1811.05106::p4,1811.05106,cs.AI,val
0912.0270::p29,0912.0270,cs.AI,test
1909.01602::p141,1909.01602,cs.AI,train
1812.07297::p22,1812.07297,cs.AI,train
1802.00050::p68,1802.00050,cs.AI,test
2003.07745::p1,2003.07745,cs.AI,train
1807.04837::p2,1807.04837,cs.AI,train
0704.3395::p15,0704.3395,cs.AI,val
1601.02433::p52,1601.02433,cs.AI,test
1810.04053::p36,1810.04053,cs.AI,train
1809.01036::p38,1809.01036,cs.AI,train
1711.06498::p37,1711.06498,cs.AI,train
1404.7541::p14,1404.7541,cs.AI,train
1902.10499::p8,1902.10499,cs.AI,train
1805.02241::p23,1805.02241,cs.AI,val
1903.12517::p1,1903.12517,cs.AI,train
0907.0499::p9,0907.0499,cs.AI,train
1802.02468::p78,1802.02468,cs.AI,val
1606.02560::p9,1606.02560,cs.AI,train
2003.11706::p0,2003.11706,cs.AI,val
1807.10104::p1,1807.10104,cs.AI,test
1711.06128::p32,1711.06128,cs.AI,train
1804.11105::p13,1804.11105,cs.AI,val
1909.06174::p39,1909.06174,cs.AI,train
2001.01982::p5,2001.01982,cs.AI,train
1902.02132::p0,1902.02132,cs.AI,train
1404.7541::p13,1404.7541,cs.AI,train
1909.09616::p4,1909.09616,cs.AI,train
1703.10970::p1,1703.10970,cs.AI,train
1508.00212::p0,1508.00212,cs.AI,train
2002.06432::p23,2002.06432,cs.AI,train
2003.07596::p16,2003.07596,cs.AI,test
1407.3512::p14,1407.3512,cs.AI,train
1301.0216::p23,1301.0216,cs.AI,train
1910.07780::p2,1910.07780,cs.AI,train
1903.08772::p219,1903.08772,cs.AI,test
1804.11002::p1,1804.11002,cs.AI,train
1509.08891::p0,1509.08891,cs.AI,train
1703.01963::p0,1703.01963,cs.AI,train
1911.01072::p46,1911.01072,cs.AI,train
1905.09673::p3,1905.09673,cs.AI,train
1611.09904::p2,1611.09904,cs.AI,train
1905.00629::p22,1905.00629,cs.AI,val
1809.08590::p31,1809.08590,cs.AI,train
2003.09579::p18,2003.09579,cs.AI,train
1705.10742::p10,1705.10742,cs.AI,train
1908.09800::p4,1908.09800,cs.AI,train
1611.09904::p6,1611.09904,cs.AI,train
1705.10557::p0,1705.10557,cs.AI,val
1909.08191::p13,1909.08191,cs.AI,train
1902.10499::p1,1902.10499,cs.AI,train
2003.07520::p5,2003.07520,cs.AI,train
1707.06446::p21,1707.06446,cs.AI,train
1908.05059::p2,1908.05059,cs.AI,train
1912.01217::p45,1912.01217,cs.AI,train
2002.09853::p2,2002.09853,cs.AI,test
1705.10742::p42,1705.10742,cs.AI,train
2003.07745::p3,2003.07745,cs.AI,train
1901.01856::p1,1901.01856,cs.AI,train
0903.0843::p46,0903.0843,cs.AI,train
1210.8385::p5,1210.8385,cs.AI,train
1801.04134::p45,1801.04134,cs.AI,test
1204.4805::p4,1204.4805,cs.AI,val
1211.2972::p2,1211.2972,cs.AI,val
1907.05390::p47,1907.05390,cs.AI,val
2003.12331::p29,2003.12331,cs.AI,train
1309.4501::p361,1309.4501,cs.AI,test
1809.05763::p14,1809.05763,cs.AI,val
1309.4501::p50,1309.4501,cs.AI,test
1606.02096::p2,1606.02096,cs.AI,train
1910.07780::p6,1910.07780,cs.AI,train
1710.05257::p4,1710.05257,cs.AI,train
1906.04023::p16,1906.04023,cs.AI,train
1608.08262::p0,1608.08262,cs.AI,test
1304.0806::p2,1304.0806,cs.AI,train
1809.01036::p46,1809.01036,cs.AI,train
1806.02308::p16,1806.02308,cs.AI,train
1911.01072::p16,1911.01072,cs.AI,train
2003.10412::p29,2003.10412,cs.AI,train
2003.02979::p16,2003.02979,cs.AI,val
1909.06174::p0,1909.06174,cs.AI,train
1507.05275::p0,1507.05275,cs.AI,val
1404.7541::p21,1404.7541,cs.AI,train
1409.4164::p51,1409.4164,cs.AI,train
1912.12671::p0,1912.12671,cs.AI,train
1807.04837::p14,1807.04837,cs.AI,train
1804.01405::p68,1804.01405,cs.AI,train
2001.01982::p8,2001.01982,cs.AI,train
2003.12694::p60,2003.12694,cs.AI,val
1807.00886::p45,1807.00886,cs.AI,train
1708.02553::p40,1708.02553,cs.AI,val
1907.05390::p4,1907.05390,cs.AI,val
1706.06975::p5,1706.06975,cs.AI,val
1905.00629::p135,1905.00629,cs.AI,val
1603.08869::p5,1603.08869,cs.AI,train
1705.00594::p4,1705.00594,cs.AI,test
1806.04718::p19,1806.04718,cs.AI,train
1910.14124::p17,1910.14124,cs.AI,train
1909.09964::p1,1909.09964,cs.AI,train
1601.02433::p37,1601.02433,cs.AI,test
1907.01851::p50,1907.01851,cs.AI,test
1805.02241::p20,1805.02241,cs.AI,val
1807.00886::p6,1807.00886,cs.AI,train
1909.01602::p13,1909.01602,cs.AI,train
1809.08590::p6,1809.08590,cs.AI,train
2003.05196::p0,2003.05196,cs.AI,test
1911.01157::p54,1911.01157,cs.AI,test
1604.05358::p12,1604.05358,cs.AI,test
2003.09579::p4,2003.09579,cs.AI,train
0704.3395::p442,0704.3395,cs.AI,val
2001.05390::p66,2001.05390,cs.AI,train
1708.02553::p19,1708.02553,cs.AI,val
1903.08772::p117,1903.08772,cs.AI,test
1710.05257::p0,1710.05257,cs.AI,train
1507.05275::p13,1507.05275,cs.AI,val
0912.0270::p71,0912.0270,cs.AI,test
1909.00442::p15,1909.00442,cs.AI,train
1409.4164::p50,1409.4164,cs.AI,train
1711.06128::p17,1711.06128,cs.AI,train
1803.02632::p1,1803.02632,cs.AI,train
1604.04506::p17,1604.04506,cs.AI,train
0807.3908::p1,0807.3908,cs.AI,train
1910.00505::p0,1910.00505,cs.AI,train
1908.05059::p55,1908.05059,cs.AI,train
1806.02308::p5,1806.02308,cs.AI,train
2001.08603::p169,2001.08603,cs.AI,test
1703.01963::p1,1703.01963,cs.AI,train
1703.10970::p5,1703.10970,cs.AI,train
1403.6348::p0,1403.6348,cs.AI,test
1912.12671::p6,1912.12671,cs.AI,train
1703.10970::p2,1703.10970,cs.AI,train
1908.05059::p59,1908.05059,cs.AI,train
1601.02433::p9,1601.02433,cs.AI,test
2003.10412::p26,2003.10412,cs.AI,train
1610.07432::p7,1610.07432,cs.AI,test
1607.07847::p0,1607.07847,cs.AI,test
1905.00629::p120,1905.00629,cs.AI,val
1708.06000::p9,1708.06000,cs.AI,test
1602.03203::p3,1602.03203,cs.AI,val
1912.12633::p16,1912.12633,cs.AI,val
1507.05275::p38,1507.05275,cs.AI,val
1909.07036::p6,1909.07036,cs.AI,train
1706.02789::p72,1706.02789,cs.AI,train
1908.03020::p26,1908.03020,cs.AI,test
0912.0270::p0,0912.0270,cs.AI,test
1801.04134::p30,1801.04134,cs.AI,test
1805.02861::p3,1805.02861,cs.AI,train
2003.05370::p41,2003.05370,cs.AI,train
1604.02336::p28,1604.02336,cs.AI,train
1910.07780::p34,1910.07780,cs.AI,train
1407.3512::p1,1407.3512,cs.AI,train
1910.09721::p0,1910.09721,cs.AI,train
1606.07955::p3,1606.07955,cs.AI,test
1807.00886::p37,1807.00886,cs.AI,train
1706.02789::p4,1706.02789,cs.AI,train
1809.05502::p3,1809.05502,cs.AI,val
2003.02979::p74,2003.02979,cs.AI,val
1801.03825::p26,1801.03825,cs.AI,train
1304.0806::p47,1304.0806,cs.AI,train
1809.01036::p16,1809.01036,cs.AI,train
1912.01217::p34,1912.01217,cs.AI,train
1908.03020::p1,1908.03020,cs.AI,test
1811.09246::p10,1811.09246,cs.AI,train
1911.01072::p79,1911.01072,cs.AI,train
1802.02468::p79,1802.02468,cs.AI,val
1811.05106::p10,1811.05106,cs.AI,val
1603.01722::p1,1603.01722,cs.AI,train
1604.02336::p6,1604.02336,cs.AI,train
1606.02560::p13,1606.02560,cs.AI,train
1606.02096::p1,1606.02096,cs.AI,train
1810.12366::p7,1810.12366,cs.AI,train
1909.08191::p4,1909.08191,cs.AI,train
2001.11673::p0,2001.11673,cs.AI,test
1808.04946::p36,1808.04946,cs.AI,val
1710.05257::p66,1710.05257,cs.AI,train
1601.02433::p35,1601.02433,cs.AI,test
1807.04837::p5,1807.04837,cs.AI,train
1804.11105::p5,1804.11105,cs.AI,val
1412.3191::p2,1412.3191,cs.AI,test
1011.0935::p33,1011.0935,cs.AI,val
1407.3512::p112,1407.3512,cs.AI,train
1409.4164::p5,1409.4164,cs.AI,train
1703.01963::p2,1703.01963,cs.AI,train
1910.14124::p14,1910.14124,cs.AI,train
1706.02789::p61,1706.02789,cs.AI,train
1804.11002::p36,1804.11002,cs.AI,train
1804.11002::p27,1804.11002,cs.AI,train
1806.04718::p21,1806.04718,cs.AI,train
1906.04023::p38,1906.04023,cs.AI,train
1605.08390::p9,1605.08390,cs.AI,train
1611.08499::p19,1611.08499,cs.AI,train
2003.07523::p15,2003.07523,cs.AI,test
1705.00594::p10,1705.00594,cs.AI,test
1905.06088::p29,1905.06088,cs.AI,val
2001.11673::p6,2001.11673,cs.AI,test
1809.10054::p1,1809.10054,cs.AI,train
1807.00124::p27,1807.00124,cs.AI,test
1910.07780::p1,1910.07780,cs.AI,train
2001.05390::p115,2001.05390,cs.AI,train
1902.05632::p17,1902.05632,cs.AI,train
1701.08665::p1,1701.08665,cs.AI,train
1909.06174::p33,1909.06174,cs.AI,train
1909.00442::p20,1909.00442,cs.AI,train
1412.3191::p9,1412.3191,cs.AI,test
1605.08390::p28,1605.08390,cs.AI,train
1704.00783::p6,1704.00783,cs.AI,test
2003.05196::p13,2003.05196,cs.AI,test
1911.12511::p67,1911.12511,cs.AI,test
1705.10443::p62,1705.10443,cs.AI,train
1610.09964::p3,1610.09964,cs.AI,train
1912.12671::p2,1912.12671,cs.AI,train
1602.03203::p27,1602.03203,cs.AI,val
1207.6224::p19,1207.6224,cs.AI,val
1210.8385::p30,1210.8385,cs.AI,train
1911.12511::p4,1911.12511,cs.AI,test
1802.02468::p1,1802.02468,cs.AI,val
1508.00212::p6,1508.00212,cs.AI,train
1909.09964::p7,1909.09964,cs.AI,train
2002.09853::p0,2002.09853,cs.AI,test
1106.4221::p5,1106.4221,cs.AI,train
1701.08665::p24,1701.08665,cs.AI,train
1705.10742::p30,1705.10742,cs.AI,train
1705.10557::p1,1705.10557,cs.AI,val
1905.00547::p50,1905.00547,cs.AI,train
1607.07847::p14,1607.07847,cs.AI,test
2001.05952::p0,2001.05952,cs.AI,train
1604.05358::p3,1604.05358,cs.AI,test
1901.00064::p62,1901.00064,cs.AI,train
1908.09800::p7,1908.09800,cs.AI,train
0912.0270::p25,0912.0270,cs.AI,test
2003.05370::p46,2003.05370,cs.AI,train
1903.03438::p15,1903.03438,cs.AI,train
1809.05502::p1,1809.05502,cs.AI,val
1708.02553::p5,1708.02553,cs.AI,val
1509.08891::p1,1509.08891,cs.AI,train
1707.06446::p27,1707.06446,cs.AI,train
1106.0776::p349,1106.0776,cs.AI,train
1706.02789::p21,1706.02789,cs.AI,train
1107.5474::p61,1107.5474,cs.AI,val
1811.01409::p23,1811.01409,cs.AI,train
0807.3908::p3,0807.3908,cs.AI,train
1607.07847::p57,1607.07847,cs.AI,test
1407.3512::p10,1407.3512,cs.AI,train
1804.10822::p15,1804.10822,cs.AI,test
1804.11105::p11,1804.11105,cs.AI,val
1711.06362::p6,1711.06362,cs.AI,train
1708.06000::p18,1708.06000,cs.AI,test
1107.5474::p64,1107.5474,cs.AI,val
2003.10412::p7,2003.10412,cs.AI,train
1801.04134::p36,1801.04134,cs.AI,test
1901.01856::p13,1901.01856,cs.AI,train
1812.07297::p21,1812.07297,cs.AI,train
1901.08728::p30,1901.08728,cs.AI,test
1808.09847::p2,1808.09847,cs.AI,val
1602.04936::p6,1602.04936,cs.AI,train
1808.08794::p0,1808.08794,cs.AI,train
1907.05390::p18,1907.05390,cs.AI,val
1910.00246::p12,1910.00246,cs.AI,val
1606.07955::p4,1606.07955,cs.AI,test
1802.03417::p1,1802.03417,cs.AI,train
1402.4525::p14,1402.4525,cs.AI,train
1903.03920::p79,1903.03920,cs.AI,train
1912.12671::p4,1912.12671,cs.AI,train
1610.07432::p6,1610.07432,cs.AI,test
1909.07036::p0,1909.07036,cs.AI,train
1912.12633::p13,1912.12633,cs.AI,val
1703.01963::p11,1703.01963,cs.AI,train
1507.05275::p1,1507.05275,cs.AI,val
1902.02132::p53,1902.02132,cs.AI,train
1711.07273::p4,1711.07273,cs.AI,val
1806.04718::p22,1806.04718,cs.AI,train
1011.0935::p32,1011.0935,cs.AI,val
1403.5701::p1,1403.5701,cs.AI,val
1511.07373::p54,1511.07373,cs.AI,train
1902.02132::p24,1902.02132,cs.AI,train
2001.05390::p65,2001.05390,cs.AI,train
1812.06745::p62,1812.06745,cs.AI,val
1809.08590::p7,1809.08590,cs.AI,train
1812.06745::p20,1812.06745,cs.AI,val
1704.00783::p13,1704.00783,cs.AI,test
0907.0499::p0,0907.0499,cs.AI,train
1906.06836::p1,1906.06836,cs.AI,train
1909.00442::p1,1909.00442,cs.AI,train
1912.12633::p0,1912.12633,cs.AI,val
1705.10557::p38,1705.10557,cs.AI,val
0807.3908::p15,0807.3908,cs.AI,train
1706.00066::p10,1706.00066,cs.AI,test
1412.3191::p8,1412.3191,cs.AI,test
1909.09964::p5,1909.09964,cs.AI,train
0903.0843::p12,0903.0843,cs.AI,train
1902.10499::p0,1902.10499,cs.AI,train
1705.10443::p2,1705.10443,cs.AI,train
1011.0935::p31,1011.0935,cs.AI,val
0704.3395::p67,0704.3395,cs.AI,val
1802.02468::p56,1802.02468,cs.AI,val
1806.02308::p7,1806.02308,cs.AI,train
1806.02308::p11,1806.02308,cs.AI,train
1911.01072::p73,1911.01072,cs.AI,train
1703.01971::p0,1703.01971,cs.AI,train
2001.11673::p26,2001.11673,cs.AI,test
1801.03825::p2,1801.03825,cs.AI,train
1606.02560::p7,1606.02560,cs.AI,train
1811.05106::p37,1811.05106,cs.AI,val
1812.07297::p5,1812.07297,cs.AI,train
1610.09964::p13,1610.09964,cs.AI,train
1903.03920::p4,1903.03920,cs.AI,train
2003.02979::p2,2003.02979,cs.AI,val
1804.11105::p10,1804.11105,cs.AI,val
1905.00547::p47,1905.00547,cs.AI,train
1804.01405::p55,1804.01405,cs.AI,train
1801.03825::p0,1801.03825,cs.AI,train
1708.02553::p38,1708.02553,cs.AI,val
1908.03020::p19,1908.03020,cs.AI,test
1706.06975::p4,1706.06975,cs.AI,val
1711.06498::p1,1711.06498,cs.AI,train
1805.02861::p17,1805.02861,cs.AI,train
1902.10499::p11,1902.10499,cs.AI,train
1811.01409::p12,1811.01409,cs.AI,train
1511.07373::p31,1511.07373,cs.AI,train
1912.12633::p4,1912.12633,cs.AI,val
1708.06000::p5,1708.06000,cs.AI,test
1809.05763::p5,1809.05763,cs.AI,val
1802.03417::p31,1802.03417,cs.AI,train
1811.09246::p5,1811.09246,cs.AI,train
1604.02336::p29,1604.02336,cs.AI,train
1602.03203::p7,1602.03203,cs.AI,val
1403.6348::p1,1403.6348,cs.AI,test
1804.11002::p31,1804.11002,cs.AI,train
1907.01851::p5,1907.01851,cs.AI,test
1806.04718::p8,1806.04718,cs.AI,train
1908.03020::p28,1908.03020,cs.AI,test
1711.07273::p10,1711.07273,cs.AI,val
1901.01856::p7,1901.01856,cs.AI,train
2003.12694::p3,2003.12694,cs.AI,val
2001.05952::p1,2001.05952,cs.AI,train
1910.14124::p15,1910.14124,cs.AI,train
1910.14124::p0,1910.14124,cs.AI,train
2003.05196::p21,2003.05196,cs.AI,test
2001.06322::p55,2001.06322,cs.AI,train
1904.01484::p11,1904.01484,cs.AI,test
1901.00064::p0,1901.00064,cs.AI,train
1611.09904::p9,1611.09904,cs.AI,train
2001.01982::p20,2001.01982,cs.AI,train
2001.01982::p32,2001.01982,cs.AI,train
2001.05952::p5,2001.05952,cs.AI,train
2003.07596::p3,2003.07596,cs.AI,test
1801.07729::p17,1801.07729,cs.AI,val
1810.12366::p28,1810.12366,cs.AI,train
1610.07432::p0,1610.07432,cs.AI,test
1909.08191::p25,1909.08191,cs.AI,train
1403.5701::p5,1403.5701,cs.AI,val
2002.09853::p1,2002.09853,cs.AI,test
1809.10054::p0,1809.10054,cs.AI,train
1606.07955::p30,1606.07955,cs.AI,test
1301.0216::p21,1301.0216,cs.AI,train
1706.00066::p397,1706.00066,cs.AI,test
1912.01217::p43,1912.01217,cs.AI,train
2003.12331::p4,2003.12331,cs.AI,train
1106.0776::p57,1106.0776,cs.AI,train
1810.12366::p11,1810.12366,cs.AI,train
1703.10970::p4,1703.10970,cs.AI,train
1903.08772::p142,1903.08772,cs.AI,test
1108.3614::p5,1108.3614,cs.AI,train
1909.06174::p3,1909.06174,cs.AI,train
1801.01704::p30,1801.01704,cs.AI,train
1804.02573::p0,1804.02573,cs.AI,val
1910.00505::p11,1910.00505,cs.AI,train
1812.06745::p10,1812.06745,cs.AI,val
1711.08819::p2,1711.08819,cs.AI,train
1204.4805::p1,1204.4805,cs.AI,val
1905.06088::p33,1905.06088,cs.AI,val
1807.00886::p0,1807.00886,cs.AI,train
1301.0216::p4,1301.0216,cs.AI,train
1808.10105::p0,1808.10105,cs.AI,val
1906.04238::p1,1906.04238,cs.AI,val
1606.02560::p5,1606.02560,cs.AI,train
0903.0843::p56,0903.0843,cs.AI,train
1210.8385::p1,1210.8385,cs.AI,train
1909.07036::p50,1909.07036,cs.AI,train
1903.03920::p12,1903.03920,cs.AI,train
1607.02480::p46,1607.02480,cs.AI,val
1801.01704::p21,1801.01704,cs.AI,train
1106.4221::p0,1106.4221,cs.AI,train
1703.01971::p2,1703.01971,cs.AI,train
1902.05632::p14,1902.05632,cs.AI,train
1909.00442::p8,1909.00442,cs.AI,train
1904.01484::p12,1904.01484,cs.AI,test
1810.07286::p30,1810.07286,cs.AI,train
1808.10105::p4,1808.10105,cs.AI,val
1906.06251::p47,1906.06251,cs.AI,test
2003.07523::p33,2003.07523,cs.AI,test
2002.10665::p6,2002.10665,cs.AI,train
1901.00064::p20,1901.00064,cs.AI,train
2001.06322::p86,2001.06322,cs.AI,train
1403.5701::p0,1403.5701,cs.AI,val
1604.05358::p7,1604.05358,cs.AI,test
1808.08794::p1,1808.08794,cs.AI,train
1403.6348::p57,1403.6348,cs.AI,test
1606.02096::p25,1606.02096,cs.AI,train
0912.5533::p24,0912.5533,cs.AI,train
1603.08869::p42,1603.08869,cs.AI,train
1412.3191::p12,1412.3191,cs.AI,test
1106.4221::p9,1106.4221,cs.AI,train
1209.3419::p53,1209.3419,cs.AI,train
2003.07745::p23,2003.07745,cs.AI,train
1810.04053::p20,1810.04053,cs.AI,train
1403.5701::p2,1403.5701,cs.AI,val
1404.7541::p0,1404.7541,cs.AI,train
2003.11706::p55,2003.11706,cs.AI,val
1905.06088::p21,1905.06088,cs.AI,val
1803.09840::p34,1803.09840,cs.AI,train
1707.06446::p22,1707.06446,cs.AI,train
1705.10443::p71,1705.10443,cs.AI,train
1903.08772::p111,1903.08772,cs.AI,test
1511.07373::p39,1511.07373,cs.AI,train
1811.09246::p6,1811.09246,cs.AI,train
1911.01157::p56,1911.01157,cs.AI,test
1809.01036::p41,1809.01036,cs.AI,train
1908.05059::p13,1908.05059,cs.AI,train
1810.07286::p9,1810.07286,cs.AI,train
1604.05358::p4,1604.05358,cs.AI,test
1801.07729::p4,1801.07729,cs.AI,val
2001.05952::p3,2001.05952,cs.AI,train
1811.01409::p15,1811.01409,cs.AI,train
1906.06836::p0,1906.06836,cs.AI,train
1207.6224::p10,1207.6224,cs.AI,val
1909.08191::p1,1909.08191,cs.AI,train
1707.06446::p18,1707.06446,cs.AI,train
1610.09964::p14,1610.09964,cs.AI,train
2003.11706::p66,2003.11706,cs.AI,val
2003.13668::p5,2003.13668,cs.AI,train
1712.06935::p15,1712.06935,cs.AI,test
2003.02979::p0,2003.02979,cs.AI,val
1904.00296::p12,1904.00296,cs.AI,val
0905.3378::p181,0905.3378,cs.AI,train
2003.07745::p5,2003.07745,cs.AI,train
1604.02336::p35,1604.02336,cs.AI,train
1909.09616::p61,1909.09616,cs.AI,train
1801.04134::p31,1801.04134,cs.AI,test
1809.05763::p11,1809.05763,cs.AI,val
1905.06088::p1,1905.06088,cs.AI,val
1911.12511::p26,1911.12511,cs.AI,test
1802.00050::p2,1802.00050,cs.AI,test
1907.09520::p56,1907.09520,cs.AI,train
1901.08728::p44,1901.08728,cs.AI,test
1712.06935::p4,1712.06935,cs.AI,test
1808.09293::p7,1808.09293,cs.AI,val
1801.06689::p39,1801.06689,cs.AI,test
1808.04946::p10,1808.04946,cs.AI,val
2003.14132::p29,2003.14132,cs.AI,train
2003.05196::p8,2003.05196,cs.AI,test
1812.01184::p29,1812.01184,cs.AI,test
1807.05037::p16,1807.05037,cs.AI,val
1309.5984::p41,1309.5984,cs.AI,test
0908.0373::p0,0908.0373,cs.AI,test
1505.06850::p43,1505.06850,cs.AI,train
1207.6224::p14,1207.6224,cs.AI,val
1602.04473::p28,1602.04473,cs.AI,train
1911.01157::p20,1911.01157,cs.AI,test
2003.07596::p15,2003.07596,cs.AI,test
1804.01640::p95,1804.01640,cs.AI,train
2003.07520::p52,2003.07520,cs.AI,train
1607.02480::p34,1607.02480,cs.AI,val
1808.01650::p21,1808.01650,cs.AI,train
1801.06689::p44,1801.06689,cs.AI,test
2003.03220::p11,2003.03220,cs.AI,train
1712.06935::p8,1712.06935,cs.AI,test
0905.3378::p147,0905.3378,cs.AI,train
1209.3419::p3,1209.3419,cs.AI,train
1702.01795::p2,1702.01795,cs.AI,train
1608.08262::p71,1608.08262,cs.AI,test
1805.12402::p37,1805.12402,cs.AI,train
1907.05885::p20,1907.05885,cs.AI,train
2001.11673::p19,2001.11673,cs.AI,test
1807.00124::p20,1807.00124,cs.AI,test
